c_Product_ID,c_Source,c_Sales_Agent,c_Location,c_Delivery_Mode,y_Status
8,16,4,1,0,1
18,2,5,10,4,1
17,23,1,13,0,1
14,23,8,6,0,0
17,2,8,1,0,1
17,14,10,10,2,0
26,2,1,2,4,1
18,14,5,15,1,1
17,2,8,1,0,0
26,14,1,6,2,1
8,0,8,1,3,1
8,2,5,1,0,1
8,23,1,1,0,1
18,23,8,10,0,0
17,16,10,1,0,1
4,14,8,16,2,1
18,14,5,3,3,1
8,2,5,2,4,1
17,2,10,2,0,0
2,2,10,10,4,1
8,2,1,1,4,1
14,2,1,10,4,0
14,2,8,10,4,0
18,14,5,13,4,0
14,2,8,10,4,0
3,2,5,10,4,1
17,2,5,1,4,1
14,2,1,10,4,1
14,2,8,10,4,0
8,2,10,1,0,1
18,2,10,1,0,1
8,4,10,2,0,3
4,14,10,14,2,1
26,23,5,6,0,1
17,23,1,10,2,0
8,23,10,1,0,1
17,23,5,1,0,1
18,23,10,10,0,1
18,23,1,2,0,1
18,2,1,1,4,1
18,2,5,2,0,1
26,14,5,10,2,1
17,12,8,10,2,1
17,23,1,2,0,1
8,14,10,14,2,1
18,23,1,10,0,1
8,2,8,6,0,1
14,2,10,10,4,0
14,2,8,10,4,0
14,2,1,10,4,0
24,14,1,1,0,0
9,23,5,1,4,1
17,23,1,10,0,0
8,14,10,1,0,1
8,2,5,2,1,1
17,10,10,2,0,1
18,2,1,1,4,1
17,2,1,3,4,1
14,2,10,10,4,0
8,2,1,1,4,1
14,2,8,10,4,0
14,2,1,10,4,0
14,2,5,10,4,0
14,2,10,10,4,0
14,2,8,10,4,1
8,2,10,1,4,1
18,14,1,2,0,1
26,23,8,10,0,0
17,10,8,1,0,1
18,4,10,1,0,3
18,23,10,1,0,1
17,10,5,9,0,1
26,14,10,1,0,0
17,23,8,2,0,1
17,23,10,10,2,0
18,23,10,10,2,0
4,15,10,10,2,0
17,23,10,9,2,1
14,23,10,10,0,0
17,23,10,1,0,1
18,2,10,1,0,1
9,23,10,1,2,1
18,14,10,7,2,1
18,12,10,1,0,1
17,14,10,10,0,1
17,14,10,1,0,1
18,14,10,10,4,1
17,23,10,1,0,1
18,23,10,1,2,1
19,14,1,3,2,0
17,14,10,2,0,1
17,23,10,1,0,1
17,23,1,10,2,1
4,2,10,1,0,1
18,2,10,3,0,1
19,14,4,1,2,0
17,14,10,12,2,1
17,2,10,1,0,1
17,10,1,1,0,1
18,11,5,1,0,1
26,14,10,6,2,0
14,23,4,3,2,0
17,2,1,10,2,0
26,23,8,3,2,1
17,2,10,2,0,1
17,2,4,2,0,1
4,14,4,1,0,0
14,23,8,10,0,0
14,2,1,10,4,0
14,2,5,10,4,0
17,2,10,1,0,1
14,2,4,10,4,0
14,23,8,11,4,1
17,14,10,1,0,3
10,2,8,2,4,1
18,14,10,10,3,1
26,14,4,1,0,0
18,14,4,1,0,1
17,14,10,6,2,1
17,2,1,2,4,1
17,23,10,10,0,1
18,23,4,10,0,0
17,10,1,2,0,1
18,2,10,2,4,1
14,2,4,10,4,0
14,2,5,10,4,0
14,2,8,10,4,0
18,23,8,10,0,0
17,14,5,1,0,0
24,4,10,1,0,1
18,5,4,2,0,1
8,14,10,1,0,1
18,2,10,1,0,1
17,2,10,2,0,1
14,2,1,10,4,0
26,2,5,10,4,0
14,2,10,10,4,0
20,2,5,2,4,1
14,2,8,10,4,0
8,2,4,1,4,1
17,2,10,2,4,1
8,2,4,1,0,1
17,23,8,1,0,1
8,2,5,1,4,3
3,14,8,16,3,1
17,2,10,3,0,1
17,2,10,1,0,1
14,2,10,10,4,0
17,2,10,1,4,1
14,2,8,10,4,0
14,2,1,10,4,0
14,23,10,10,4,1
17,14,8,13,2,1
4,23,4,10,0,0
14,23,1,2,0,0
17,23,8,1,0,3
17,2,10,2,0,1
17,2,10,1,0,1
17,23,8,9,2,0
14,23,4,10,0,0
17,23,1,2,4,1
17,23,5,6,0,1
18,23,4,10,2,0
17,23,5,1,0,1
8,23,10,1,0,1
17,23,8,1,0,3
18,23,5,10,2,1
2,23,8,11,2,1
17,14,8,2,0,1
14,2,8,10,4,0
18,2,4,3,4,0
14,2,8,10,4,0
14,2,4,10,4,0
19,14,8,10,4,1
17,14,8,1,0,1
17,14,4,1,0,3
19,7,4,1,0,3
17,12,4,10,0,0
17,12,8,10,0,1
4,14,8,1,0,1
17,14,4,7,2,0
14,14,4,16,2,0
18,14,4,1,0,1
14,2,4,10,4,0
14,2,4,10,4,0
14,2,4,10,4,0
18,14,8,2,0,1
8,2,8,1,0,1
26,23,8,2,2,1
18,23,4,10,0,1
17,23,4,1,0,0
26,23,8,2,0,1
17,23,8,1,0,1
26,23,8,1,0,1
18,23,8,10,2,1
4,23,4,10,2,0
17,0,10,1,0,1
24,14,8,1,0,1
4,14,8,10,2,1
18,14,5,10,2,0
8,14,10,1,0,1
18,14,8,0,2,1
1,23,4,1,0,0
1,14,10,2,2,0
14,2,4,10,4,0
14,2,8,10,4,0
14,2,10,10,4,0
14,2,4,10,4,0
14,2,5,10,4,0
14,2,4,10,4,0
14,2,8,10,4,0
9,23,5,10,3,1
18,2,8,10,0,0
11,23,8,1,3,1
18,14,8,9,0,1
18,2,10,1,0,3
14,2,4,10,4,0
14,2,8,10,4,0
18,14,4,1,0,1
17,14,5,10,2,1
17,14,5,14,2,1
18,23,8,11,2,1
4,2,10,10,4,0
11,14,8,10,3,0
8,23,10,2,0,1
8,2,5,6,0,1
17,23,10,10,0,0
26,23,4,10,4,0
8,2,4,2,0,1
14,2,5,10,4,1
17,14,5,1,0,1
17,2,5,1,0,1
17,23,4,6,2,0
26,23,10,10,2,1
18,14,1,14,2,1
18,14,10,1,0,1
17,14,1,9,2,1
18,2,4,10,4,0
14,2,4,10,4,0
14,2,8,10,4,0
18,23,4,10,1,3
8,2,10,2,0,1
18,23,5,13,2,1
26,23,10,1,0,1
2,23,8,3,2,1
18,14,5,0,2,0
18,2,10,3,0,1
18,23,4,1,0,3
17,2,10,2,0,1
14,2,1,10,4,0
17,2,5,10,4,0
17,2,4,1,0,1
14,2,8,10,4,0
26,2,4,10,4,0
14,14,9,6,4,0
14,2,8,10,4,0
14,2,4,10,4,0
14,2,10,10,4,0
17,23,1,1,0,2
26,2,8,10,4,0
14,2,4,10,4,0
14,2,5,10,4,0
14,2,1,10,4,0
26,2,1,2,4,1
14,2,1,10,4,0
18,2,1,1,4,0
8,16,10,14,2,3
8,2,10,1,0,1
8,2,10,1,0,1
17,23,10,2,0,1
8,14,4,10,2,0
18,14,5,6,2,0
17,13,10,6,2,1
17,2,5,2,0,1
11,14,5,10,3,0
8,14,4,6,2,0
19,14,8,1,0,0
17,14,8,10,2,1
18,14,10,1,0,1
17,23,8,10,0,1
17,2,8,1,0,1
17,2,5,1,0,3
17,2,10,1,0,0
17,2,8,10,4,3
26,23,8,3,4,0
26,23,1,10,4,0
26,23,4,10,0,0
18,23,4,7,4,0
26,23,5,10,4,1
14,23,4,10,4,0
3,23,4,10,4,0
14,23,4,10,4,0
11,23,10,1,4,1
17,23,8,1,0,1
26,23,8,9,2,1
4,14,10,10,0,0
26,14,1,1,2,1
19,14,1,1,0,1
26,14,10,0,2,1
8,23,8,3,2,1
18,14,8,1,0,1
17,23,5,0,2,3
4,2,10,2,0,1
24,14,10,10,2,1
17,14,5,2,0,1
26,14,8,1,0,1
8,14,5,1,0,1
17,14,4,14,2,0
17,14,10,2,0,3
17,14,5,1,0,0
17,14,1,10,2,1
18,23,1,3,4,1
17,14,10,16,2,1
26,14,1,11,2,0
18,23,4,1,0,3
4,14,8,15,2,1
17,2,10,1,0,1
17,2,5,1,0,1
17,14,4,10,2,0
8,2,10,6,4,1
17,2,10,1,0,3
14,2,4,10,4,0
14,2,1,10,4,0
14,2,1,10,4,0
24,14,5,1,0,1
8,2,10,1,0,1
18,14,1,0,3,0
24,14,10,1,0,1
2,14,8,6,2,0
8,2,1,1,4,0
18,2,5,3,0,0
26,23,8,2,2,1
19,14,1,1,0,3
8,14,5,6,2,1
26,14,10,16,2,1
4,14,5,10,2,0
26,14,8,2,2,0
17,14,5,9,2,1
4,14,10,10,2,0
8,2,5,1,0,3
18,7,4,1,3,1
18,14,5,0,3,0
26,2,10,2,0,1
17,23,10,10,0,1
19,14,1,1,0,0
14,2,1,10,4,0
8,2,8,6,3,1
8,2,5,1,0,3
26,2,4,10,4,1
8,2,5,9,4,1
1,2,1,10,4,0
14,2,8,10,4,0
14,2,10,10,4,0
14,2,4,10,4,0
14,2,5,10,4,0
14,2,4,10,4,0
8,2,8,1,4,1
18,14,8,1,0,0
8,23,4,10,4,3
8,23,5,1,0,1
26,23,4,6,2,0
18,23,10,10,4,0
18,23,1,9,0,2
8,14,10,1,2,1
8,14,4,3,0,0
8,14,6,6,0,0
17,14,1,1,0,3
26,14,4,1,0,0
14,23,5,10,4,0
17,14,1,2,0,1
26,10,10,3,2,1
8,14,5,10,2,1
26,23,10,10,0,0
18,2,5,2,0,1
14,2,5,10,4,0
17,14,6,1,0,1
14,2,4,10,4,0
14,2,1,10,4,0
18,2,10,1,0,1
26,2,1,1,4,1
14,2,5,10,4,0
17,2,1,1,4,2
26,2,4,1,0,1
14,2,10,10,4,0
8,14,4,9,2,0
26,2,5,6,4,1
26,2,1,1,4,2
14,2,4,10,4,0
14,2,10,10,4,0
14,2,5,10,4,0
14,2,1,10,4,0
26,14,5,6,2,0
18,14,1,12,2,1
17,14,8,16,2,0
18,14,8,1,0,0
18,14,8,15,2,3
26,14,8,1,0,1
17,14,8,1,0,1
18,14,10,6,2,0
17,23,1,10,0,0
17,23,1,9,2,2
18,23,8,10,0,0
18,2,8,1,3,1
18,23,8,6,2,2
26,23,8,10,4,1
17,23,1,2,0,1
14,23,10,2,0,0
18,14,5,14,2,0
26,10,4,1,0,0
17,12,10,1,0,0
26,23,8,2,0,2
18,14,4,1,0,2
26,23,10,2,0,0
18,2,5,1,0,3
17,23,8,13,2,0
17,14,4,2,0,3
26,14,8,10,0,0
18,2,5,1,4,1
14,2,1,10,4,0
14,2,4,10,4,0
17,2,5,1,4,1
14,2,10,10,4,0
14,2,5,10,4,1
8,2,8,10,4,1
14,2,8,10,4,0
26,23,4,10,0,0
17,23,8,10,4,0
17,23,10,1,0,1
9,23,4,1,4,1
8,14,4,3,2,1
4,23,5,10,4,0
18,14,10,9,3,1
18,23,4,10,4,0
26,2,4,1,0,1
18,23,8,10,4,0
8,2,8,1,0,1
11,23,5,13,4,0
4,14,10,6,2,1
24,14,4,16,4,0
14,23,1,1,4,0
17,14,8,6,2,0
18,14,1,1,0,1
8,2,10,2,0,0
14,14,8,10,4,1
19,14,4,9,2,1
18,4,4,1,0,1
17,2,5,1,0,1
17,14,10,16,2,0
1,16,6,6,2,2
17,16,6,10,4,1
4,14,5,10,2,0
17,14,10,3,2,1
14,2,1,10,4,0
17,2,1,2,4,3
17,23,1,1,0,0
17,23,4,1,0,1
9,7,8,1,0,1
17,2,8,3,0,0
8,14,5,6,2,0
8,2,5,2,0,1
9,4,10,1,0,1
8,2,1,1,0,2
18,14,10,9,2,1
18,12,5,10,2,1
12,14,6,10,0,0
18,14,10,1,0,1
26,2,4,1,0,3
14,2,5,10,4,0
14,2,10,10,4,0
14,2,8,10,4,0
14,2,4,10,4,0
8,14,4,6,2,1
17,14,10,1,0,0
17,14,5,10,4,0
26,23,5,10,4,0
4,14,4,1,0,0
17,14,8,2,0,1
4,14,10,1,0,0
17,14,5,3,2,1
14,2,8,10,4,1
17,2,10,2,0,1
17,10,8,1,0,0
14,16,4,2,0,0
4,13,10,2,2,0
18,14,8,1,0,1
17,23,5,10,4,1
14,23,5,2,4,0
17,14,5,2,0,1
17,14,10,1,2,1
11,2,1,10,3,0
4,23,1,10,4,1
17,23,8,10,4,0
17,14,4,6,0,0
17,14,10,6,0,1
8,14,4,10,4,1
19,23,5,9,4,1
8,14,1,1,0,1
18,2,10,1,0,3
18,2,10,2,0,1
14,2,5,10,4,0
17,2,5,2,4,1
14,2,4,10,4,0
17,16,8,1,0,1
19,16,8,11,0,0
9,23,1,10,2,3
26,23,4,1,2,0
8,23,5,3,0,0
18,14,8,10,2,1
18,14,4,1,0,2
18,14,1,3,2,0
18,2,1,1,4,1
17,2,10,1,0,1
18,14,8,1,0,0
17,2,10,9,0,1
17,2,4,2,0,2
26,14,10,1,0,1
17,14,10,10,0,0
8,14,8,9,2,0
8,23,1,1,0,1
26,16,6,1,0,1
18,2,10,6,0,1
26,14,6,10,0,0
17,4,4,2,0,3
26,4,10,1,0,1
18,2,8,10,2,1
26,16,5,1,0,1
17,10,4,1,0,0
14,2,1,10,4,0
14,2,10,10,4,0
14,2,5,10,4,0
14,2,8,10,4,0
14,2,4,10,4,0
17,2,1,1,4,3
14,2,11,10,4,0
17,23,1,9,2,0
18,14,5,13,2,0
17,14,10,9,2,1
17,14,10,2,0,1
4,14,4,10,2,0
17,23,5,10,0,0
17,23,10,10,0,0
26,2,5,11,4,0
4,13,8,1,0,1
14,2,5,10,4,0
14,2,5,10,4,0
14,2,4,10,4,0
17,23,1,1,4,2
24,2,5,1,0,1
8,7,4,10,3,1
17,2,10,1,0,1
19,14,5,10,4,0
8,4,10,1,2,3
4,14,1,1,0,1
17,2,5,1,0,3
14,2,1,10,4,0
14,2,8,10,4,0
14,2,1,10,4,1
14,2,4,10,4,0
17,2,10,1,4,1
14,2,4,10,4,0
2,2,1,1,4,1
14,2,10,10,4,0
14,2,8,10,4,0
18,23,8,9,2,1
17,12,1,2,0,0
17,14,8,1,0,1
18,12,10,1,2,1
17,14,4,10,0,1
18,2,5,2,2,1
17,2,10,1,2,1
17,14,1,6,2,0
18,16,10,9,2,2
17,14,5,1,0,3
18,16,8,15,0,1
17,14,8,9,2,1
1,14,1,2,0,0
26,16,1,1,0,0
18,14,10,10,2,1
14,14,8,9,2,0
24,14,5,14,4,0
17,10,8,10,0,1
8,14,10,6,2,0
17,16,10,6,2,1
24,14,4,10,0,0
17,16,5,3,2,0
18,14,5,12,2,1
24,14,8,1,0,0
17,14,1,2,0,2
26,2,8,2,3,1
8,2,1,10,4,1
18,2,10,1,0,1
18,2,1,6,0,3
8,23,5,7,4,0
17,2,10,2,0,1
17,2,5,1,0,1
18,2,10,1,4,1
18,2,5,1,4,1
14,2,10,10,4,0
26,2,8,2,2,1
8,2,10,1,4,1
14,2,1,10,4,0
8,2,8,1,0,0
17,14,10,2,0,1
14,2,1,10,4,1
18,2,5,2,2,3
14,2,8,10,4,0
8,2,4,2,4,0
17,23,8,2,4,1
18,23,8,10,4,0
8,23,4,2,4,0
26,23,10,9,0,1
4,23,4,10,4,0
17,23,1,1,0,1
26,23,5,1,4,1
9,23,8,6,3,1
19,23,4,10,4,0
14,23,10,10,4,0
17,23,4,9,4,0
17,23,8,7,3,0
17,23,10,10,4,1
26,23,5,10,0,1
9,23,1,10,4,1
17,23,8,2,0,1
8,2,1,10,0,1
18,14,4,3,0,0
24,14,1,2,0,0
26,14,8,13,2,0
18,23,5,3,4,0
14,2,4,10,4,0
18,2,8,10,2,1
14,2,4,10,4,0
18,2,5,6,0,1
14,2,10,10,4,1
14,2,5,10,4,0
14,2,4,10,4,0
17,2,1,10,4,0
17,2,10,1,0,1
18,2,10,1,0,1
18,2,4,1,0,3
24,23,5,10,0,1
17,16,5,9,2,1
11,16,1,10,0,1
17,2,10,2,0,1
8,14,5,7,2,0
18,2,4,3,2,1
14,23,5,10,4,0
17,14,10,10,2,0
26,14,5,6,0,1
19,14,8,10,2,0
10,14,5,10,4,0
18,14,4,10,0,0
8,2,4,2,2,1
18,12,1,1,2,2
24,23,8,10,4,0
18,2,4,1,0,1
26,23,10,2,4,1
8,23,5,10,4,1
17,14,10,1,0,3
17,23,8,2,4,3
14,2,8,10,4,1
26,23,4,1,4,1
14,2,10,2,4,1
17,23,8,10,4,0
17,23,5,1,0,1
17,23,8,1,0,1
8,23,8,10,2,0
18,2,1,1,4,2
17,14,5,15,0,3
4,23,1,10,2,1
17,16,8,10,2,0
26,16,4,2,0,3
17,16,5,2,2,1
4,23,10,10,0,0
8,14,10,1,0,1
8,16,8,2,2,1
8,16,6,1,0,1
4,2,5,6,2,1
17,2,4,2,0,0
26,12,10,10,2,0
4,2,5,1,0,3
4,23,5,10,0,0
26,2,5,2,0,0
17,23,1,2,0,1
26,23,8,1,0,0
18,23,1,10,0,1
18,4,10,6,0,1
17,10,4,2,0,0
17,14,8,1,0,0
24,2,4,1,0,3
17,14,5,10,4,0
14,23,8,2,0,0
18,14,10,9,0,0
12,16,9,6,2,0
14,2,8,10,4,0
8,2,1,2,0,1
17,14,8,4,2,1
8,16,10,9,0,0
4,16,1,1,0,0
14,23,8,10,2,0
17,23,1,9,2,1
8,14,10,1,0,1
26,12,4,3,2,0
2,14,8,10,0,0
8,2,8,2,4,1
8,23,10,9,0,0
14,23,8,2,2,0
17,23,8,10,0,1
8,4,10,1,0,3
8,4,10,1,0,3
18,0,8,10,2,3
8,2,10,1,0,3
18,2,4,9,0,0
4,14,8,3,3,0
26,10,1,2,0,1
17,14,8,10,2,0
18,14,4,10,2,0
14,2,10,10,4,0
24,2,1,1,4,1
14,2,8,10,4,0
17,2,10,3,4,1
14,2,8,10,4,0
14,2,1,10,4,0
14,2,4,10,4,0
17,2,1,10,4,1
1,2,8,1,0,1
14,2,10,10,4,0
14,2,4,10,4,0
9,14,8,11,4,1
18,14,4,6,0,0
17,10,1,1,0,1
17,2,1,1,4,3
8,2,1,2,4,1
18,14,1,1,0,0
14,2,8,10,4,0
14,2,8,10,4,0
14,2,1,10,4,0
8,14,10,2,0,1
26,10,5,1,0,2
17,13,6,11,2,1
17,12,5,10,2,1
17,10,5,1,2,1
17,10,8,1,0,1
14,2,1,10,4,2
14,2,10,10,4,0
14,2,4,10,4,0
18,2,1,10,4,0
26,16,4,10,0,0
14,2,8,10,4,0
17,12,4,10,2,0
18,16,5,15,2,1
17,10,5,2,0,0
26,23,8,2,0,0
17,23,4,1,0,3
17,23,5,1,0,1
26,23,5,2,2,0
17,23,5,10,2,1
26,23,5,1,2,3
17,2,5,1,0,1
17,23,5,9,2,1
17,23,5,3,2,1
18,23,4,10,2,0
17,2,4,2,0,0
26,14,4,6,2,0
26,2,5,6,2,1
8,14,5,1,0,1
18,2,5,1,4,1
18,14,5,14,2,0
18,14,4,11,2,0
18,2,5,10,4,1
9,2,5,3,1,0
24,14,5,10,2,0
17,16,4,14,2,0
8,4,4,1,3,3
17,2,5,1,0,1
18,14,4,2,0,2
17,10,5,2,0,1
8,2,4,1,3,3
8,16,5,12,2,3
4,23,4,1,2,1
26,23,4,10,0,0
8,23,5,10,0,0
17,2,4,2,0,0
18,4,10,1,0,3
18,12,5,11,2,0
17,23,4,10,2,1
18,14,5,10,0,1
17,14,10,1,0,3
26,10,1,6,4,0
18,14,10,1,2,3
8,23,5,10,0,1
18,23,1,9,2,1
17,2,4,2,0,1
18,2,1,1,4,3
8,2,4,3,2,1
18,2,1,15,4,1
8,2,10,2,0,1
18,2,5,9,0,2
14,2,4,10,4,0
17,2,5,2,0,1
26,2,10,6,4,2
14,2,1,10,4,1
14,2,4,10,4,0
25,2,3,2,0,1
14,2,4,10,4,0
17,23,10,2,2,1
4,23,4,10,2,0
9,23,10,1,4,1
18,14,8,10,4,1
4,2,5,1,4,0
8,14,5,3,4,1
18,14,10,1,0,0
17,14,1,10,4,1
17,14,10,1,0,1
18,14,4,10,0,0
8,14,10,1,0,1
17,10,5,2,4,0
18,14,10,10,0,0
17,12,10,1,0,1
18,2,10,2,0,1
8,23,8,1,0,0
17,23,4,1,0,0
11,23,1,1,4,1
17,23,5,10,0,0
18,16,8,0,0,1
18,14,5,2,2,1
4,16,1,1,2,1
4,2,10,1,0,1
14,2,8,10,4,0
14,2,1,10,4,2
1,16,10,1,0,0
18,16,3,3,2,0
26,23,8,2,2,0
15,23,9,10,2,0
8,16,10,7,0,1
18,16,4,0,2,1
18,16,8,1,0,2
18,16,10,2,2,0
18,4,10,2,0,1
10,16,10,10,2,0
17,16,5,10,2,1
26,16,4,2,2,1
22,16,1,13,2,0
19,15,8,14,2,1
18,12,3,9,2,0
8,16,5,6,2,1
2,16,4,9,2,2
17,23,8,1,0,0
17,2,4,2,0,2
17,2,10,2,0,1
8,2,4,1,0,2
17,14,1,1,0,3
14,2,3,10,4,0
14,2,4,10,4,0
14,2,5,10,4,0
14,2,10,10,4,0
14,2,8,10,4,0
14,2,9,10,4,0
8,2,9,6,2,0
8,14,10,1,2,1
4,2,9,1,0,0
8,2,10,2,4,1
14,2,10,10,4,0
14,2,5,10,4,0
19,2,5,9,4,1
14,2,1,10,4,0
14,2,9,10,4,0
18,2,9,1,0,2
9,23,3,10,2,0
18,23,4,10,2,1
18,23,5,13,2,1
18,14,8,1,0,3
4,23,1,6,2,1
26,23,8,6,2,2
26,14,10,6,0,1
17,14,5,1,2,3
18,14,5,9,2,3
17,2,9,1,0,3
8,2,10,2,0,1
8,14,1,1,0,1
8,12,5,9,2,1
26,23,10,2,2,0
8,2,5,9,2,1
14,2,6,3,0,1
26,14,9,1,0,3
26,14,3,2,2,0
17,14,1,10,2,1
14,13,10,9,2,0
4,23,10,10,2,1
17,14,8,10,2,0
17,14,11,1,0,1
17,23,4,9,2,0
26,14,5,7,2,1
18,10,10,9,2,0
18,10,3,9,2,0
18,14,5,11,2,0
17,2,3,2,0,2
18,10,4,10,2,0
17,14,1,2,0,1
14,2,8,10,4,1
18,2,9,6,2,2
14,2,8,10,4,0
18,2,8,6,3,0
14,2,5,10,4,0
8,2,1,9,4,0
14,2,3,10,4,0
8,14,1,10,2,0
4,14,8,10,2,1
18,23,5,1,0,1
17,23,1,2,0,1
26,14,8,1,2,0
18,14,4,10,2,1
26,2,8,6,0,0
8,2,8,9,2,1
8,2,1,1,4,1
17,10,8,10,2,0
18,14,8,10,2,0
9,14,5,11,2,0
26,23,8,1,0,0
17,14,4,10,2,0
18,12,3,10,2,0
18,12,5,1,2,0
17,10,1,10,2,2
26,14,8,2,0,1
9,23,1,3,2,0
14,2,3,10,4,0
18,14,8,1,0,3
26,10,8,1,0,0
26,12,5,10,2,1
18,14,1,0,2,3
18,12,4,2,2,2
17,23,5,6,2,1
14,2,4,10,4,0
14,2,3,10,4,0
14,2,10,10,4,2
14,2,10,10,4,1
26,2,8,6,0,1
14,2,8,10,4,0
26,23,1,1,0,1
18,14,10,3,2,1
18,14,1,9,2,1
17,23,4,1,0,0
17,23,1,3,2,0
17,23,8,2,2,0
18,23,3,9,2,0
8,14,8,1,0,1
17,10,1,1,2,0
18,23,8,2,2,3
1,14,10,10,2,0
8,14,4,10,2,1
18,14,8,10,2,0
17,2,10,2,0,1
2,14,1,10,2,0
17,23,5,6,2,1
17,14,5,2,2,0
18,2,10,1,0,1
18,14,8,3,2,0
17,23,1,13,2,0
8,14,4,10,2,2
17,14,5,2,0,1
14,23,3,10,2,0
18,23,4,10,2,1
8,23,6,6,2,0
17,10,1,1,2,0
17,14,6,10,2,2
26,8,10,1,0,1
18,14,10,6,2,0
26,14,10,10,2,0
8,14,8,10,3,1
18,4,1,16,4,3
8,2,10,6,0,1
26,10,6,1,0,2
9,14,8,6,2,1
18,10,4,6,2,0
17,14,1,2,2,1
14,2,5,10,4,0
14,2,10,10,4,0
14,2,3,10,4,0
14,2,8,10,4,0
14,2,3,10,4,0
8,14,6,2,2,0
17,23,4,2,0,2
17,23,5,10,2,0
26,23,8,1,2,0
8,14,6,10,2,0
8,23,10,10,2,1
18,23,3,10,2,0
17,14,4,2,2,2
8,2,8,1,0,2
17,23,8,11,2,0
26,14,4,6,2,2
17,2,10,9,0,3
17,2,10,1,0,1
8,2,6,6,0,0
26,2,10,1,0,1
17,14,6,10,2,1
17,14,10,10,2,1
17,14,8,2,0,1
26,14,5,1,0,3
18,23,1,6,2,2
8,2,6,1,0,1
18,14,4,2,2,0
26,4,1,6,4,3
14,2,5,10,4,0
14,2,3,10,4,0
4,2,6,1,0,1
17,2,10,1,0,1
17,10,5,2,0,1
8,2,4,1,4,0
4,2,10,1,4,0
14,2,6,10,4,0
14,2,6,10,4,0
14,2,10,1,4,0
18,23,8,1,0,1
17,23,10,10,2,0
17,23,10,1,0,1
8,14,5,3,2,0
19,2,8,1,4,3
8,2,6,13,0,1
4,23,10,2,2,1
26,23,1,6,2,1
17,14,8,1,0,0
8,23,6,2,2,0
9,14,3,1,0,3
9,2,10,1,0,3
4,14,10,1,0,1
8,14,5,10,2,1
8,14,6,1,0,1
8,14,10,1,2,3
17,2,10,3,0,2
26,2,6,2,0,0
8,14,1,1,2,1
18,14,8,2,2,1
17,2,10,1,0,0
26,2,6,2,0,0
14,2,5,10,4,0
14,2,9,10,4,0
14,2,3,10,4,0
4,2,10,1,0,0
17,14,6,3,2,1
17,2,10,2,4,1
14,2,10,10,4,0
14,2,1,10,4,1
14,2,5,10,4,0
17,23,3,10,2,0
17,14,5,1,0,1
8,23,4,9,2,1
17,2,10,1,0,1
17,2,6,2,0,1
14,2,4,10,4,0
8,4,4,1,0,1
8,2,10,3,0,1
18,14,10,10,4,0
1,14,6,9,4,0
17,23,1,1,4,1
17,2,10,1,0,1
24,10,8,1,4,0
17,14,5,1,0,0
17,2,10,1,4,1
17,2,1,2,4,1
4,14,4,9,4,0
17,12,8,3,2,0
14,2,3,10,4,0
14,2,5,10,4,0
8,2,6,3,0,0
14,2,4,10,4,0
8,7,4,1,0,3
14,2,8,10,4,0
8,7,4,1,0,3
21,2,3,10,4,0
18,14,8,1,0,0
14,2,1,10,4,0
14,2,4,10,4,0
17,2,6,3,2,0
17,2,5,1,0,1
24,14,10,10,4,1
17,10,4,16,4,0
14,2,6,10,4,0
17,2,3,1,0,2
1,14,4,1,0,1
18,2,1,1,4,1
17,12,5,10,4,1
17,23,8,2,0,3
17,23,6,14,0,1
26,23,1,6,4,3
17,10,5,2,0,0
4,23,3,1,4,0
17,14,10,1,0,1
26,14,8,6,4,0
17,10,4,14,4,2
17,14,5,9,4,1
17,12,1,10,2,1
1,14,4,2,4,0
18,13,8,9,2,2
11,14,10,7,4,1
8,23,1,1,4,1
17,14,10,2,0,1
4,23,8,1,0,2
17,14,5,6,0,1
17,14,10,2,0,0
19,14,4,10,2,1
17,2,3,1,0,3
26,10,8,6,2,0
17,2,1,1,4,1
18,2,4,1,2,1
4,14,3,10,2,0
18,23,6,10,2,0
17,14,4,10,2,1
18,14,5,13,2,1
17,2,5,1,0,0
17,12,8,3,2,0
17,2,4,1,3,0
14,2,8,10,4,0
8,2,8,6,4,0
14,2,1,10,4,1
14,2,6,10,4,0
14,2,8,10,4,0
26,12,10,10,2,1
17,2,1,6,0,0
8,2,4,2,4,0
14,2,5,10,4,0
17,2,1,2,4,1
14,2,6,10,4,0
14,2,8,10,4,0
8,2,4,1,4,1
17,10,4,1,2,0
18,2,5,10,4,1
17,10,6,10,2,2
18,23,4,3,2,0
14,23,5,10,2,0
19,7,4,10,2,3
17,2,5,1,0,3
17,13,8,10,2,1
18,23,8,9,2,1
17,2,1,16,4,1
18,23,8,2,2,1
14,23,1,10,2,2
17,23,5,1,4,1
17,23,6,10,2,0
14,23,3,9,2,0
17,2,5,1,0,1
17,2,3,1,0,3
18,14,6,10,2,0
17,2,10,1,0,3
17,2,8,2,4,1
9,7,4,1,0,3
19,2,1,1,4,3
19,2,5,6,2,0
18,2,5,3,2,1
17,14,10,10,2,0
8,14,8,10,2,0
9,14,1,1,2,1
8,14,6,1,0,0
8,12,5,2,2,2
19,14,8,10,2,1
17,14,10,10,2,0
8,14,3,11,2,0
14,23,4,10,2,0
18,2,3,10,2,3
17,2,3,1,0,2
26,23,6,10,2,0
8,12,8,6,2,0
4,23,5,1,2,1
18,2,4,1,2,2
14,2,8,10,4,0
14,2,10,10,4,0
17,23,10,10,2,0
26,23,6,1,0,2
19,23,3,1,2,3
18,23,1,10,2,3
17,23,5,1,0,1
26,14,10,1,2,1
17,23,4,2,2,3
8,10,4,3,2,2
17,2,5,1,0,1
14,23,1,10,2,0
17,23,10,1,0,1
18,4,5,1,0,1
26,14,4,1,0,3
18,14,8,7,2,0
18,12,6,1,0,0
8,14,10,10,2,0
24,12,1,1,0,0
19,2,4,1,0,1
17,2,5,10,4,1
19,14,6,9,2,0
8,14,1,1,2,2
8,2,10,1,0,1
18,14,8,10,0,2
17,23,8,10,2,0
8,4,10,1,0,0
17,2,10,9,2,1
18,14,10,1,0,3
17,2,10,1,0,1
26,14,5,1,0,0
18,4,1,13,4,1
17,2,6,1,0,3
25,2,5,2,4,1
14,23,10,10,2,0
14,2,8,10,4,0
4,23,8,11,2,0
14,2,5,10,4,0
18,2,4,3,4,0
14,2,6,1,4,0
8,14,4,1,0,3
17,23,5,10,2,1
8,2,8,10,2,1
8,14,1,10,2,1
17,2,4,1,0,0
3,23,10,10,2,2
4,23,6,9,2,1
9,14,4,10,2,0
9,2,10,1,0,1
8,2,4,1,0,0
26,23,3,1,0,0
26,14,6,6,2,1
14,23,4,10,2,0
8,23,5,6,2,0
17,2,3,6,0,3
18,14,5,1,0,3
18,2,3,1,0,2
25,14,10,1,0,1
18,23,1,11,2,2
14,2,4,10,4,0
14,23,6,10,2,0
14,2,3,10,4,0
1,2,6,6,0,0
26,2,8,1,0,1
4,23,4,1,2,0
8,14,4,10,2,0
14,2,4,10,4,0
14,2,5,10,4,0
8,2,5,6,4,3
17,14,8,10,2,1
17,14,10,1,2,1
17,14,1,10,2,0
1,2,8,1,0,1
18,14,6,10,2,3
26,23,1,10,2,1
18,23,5,3,2,1
14,23,4,10,2,0
17,14,5,10,2,1
26,23,1,11,2,2
17,14,8,10,2,1
14,14,3,10,2,0
8,14,1,10,2,1
18,12,5,1,2,1
26,12,6,9,2,2
26,14,8,1,0,2
18,2,5,2,2,1
18,14,3,9,2,0
17,12,5,1,2,1
17,14,4,1,0,0
8,23,6,6,2,0
19,2,10,1,0,3
18,14,10,6,2,3
18,14,3,2,2,0
8,14,4,9,2,0
17,14,6,6,2,0
14,2,10,10,4,1
18,23,4,10,2,1
17,2,3,1,4,2
17,2,5,10,4,2
4,2,6,1,4,0
14,2,8,10,4,0
14,2,4,10,4,0
14,2,3,9,4,0
26,2,10,6,2,2
14,2,5,10,4,0
8,2,10,9,0,1
18,14,8,6,2,1
14,2,5,10,4,0
14,2,10,10,4,0
17,14,5,2,0,3
14,2,4,10,4,0
14,2,6,10,4,0
14,2,5,10,4,0
14,23,4,10,2,0
17,14,4,9,2,1
14,23,10,2,2,1
8,23,6,10,2,0
4,23,6,10,2,1
8,14,8,10,2,1
18,23,6,10,2,1
17,23,1,1,2,1
17,14,1,10,2,0
26,23,8,6,2,0
26,2,3,1,0,0
8,23,6,6,2,1
4,23,6,6,2,1
17,14,1,3,2,1
1,14,10,10,2,0
17,23,4,10,2,3
4,14,3,10,2,0
26,2,1,1,4,0
26,14,6,1,0,1
14,2,3,9,0,0
18,23,8,9,2,0
4,2,3,1,0,0
17,2,1,3,2,0
17,14,10,1,2,0
17,2,10,2,0,1
17,2,10,2,0,2
14,2,1,10,4,0
14,2,6,10,4,0
18,2,10,1,0,1
26,14,4,2,2,0
26,2,5,2,4,0
19,2,5,10,2,1
26,2,6,1,0,0
17,2,10,2,4,1
17,14,5,2,0,1
26,2,10,2,0,1
8,23,10,1,0,1
17,14,10,2,0,1
25,23,1,1,2,0
4,23,10,1,0,1
18,2,10,1,0,1
17,23,6,10,2,0
26,23,10,1,0,3
18,23,1,6,2,0
8,23,5,6,2,1
14,14,6,10,2,0
4,23,1,1,0,0
8,2,5,2,2,0
17,14,3,1,2,3
8,12,8,10,2,2
17,23,6,2,0,0
14,23,8,10,2,1
9,14,10,2,2,1
18,14,1,11,2,1
14,14,8,10,2,0
8,2,5,1,0,3
17,2,5,1,0,1
19,14,4,10,2,1
24,14,10,10,2,0
17,10,6,6,2,0
8,14,5,2,2,1
4,14,1,1,0,0
17,10,1,10,2,1
18,2,5,1,0,1
14,23,3,10,2,0
1,2,6,1,0,1
14,23,8,10,2,2
17,2,6,1,0,1
26,2,4,1,0,0
26,2,6,1,0,0
26,10,4,10,2,0
17,14,5,1,0,2
14,2,1,10,4,0
14,2,1,10,4,0
14,2,5,10,4,0
14,2,10,10,4,0
14,2,10,10,4,0
8,14,5,10,2,0
14,2,1,10,4,0
14,2,5,10,4,0
14,2,10,10,4,0
14,2,3,10,4,0
8,2,6,14,2,1
14,2,10,10,4,0
14,2,8,10,4,0
14,2,6,10,4,0
18,2,1,1,4,0
18,14,5,9,2,0
8,23,6,1,0,1
9,23,8,10,2,1
26,23,10,10,2,0
8,23,10,1,0,3
14,10,1,2,2,0
14,23,6,10,2,0
4,23,1,10,0,1
26,23,8,10,2,0
26,23,10,6,2,1
17,23,10,2,0,1
18,14,6,1,0,3
14,23,10,10,2,0
17,14,1,1,2,2
17,14,3,6,2,2
17,14,3,2,2,2
4,23,8,1,0,0
17,23,1,13,2,0
18,14,6,10,2,1
8,23,9,10,2,3
17,23,8,1,3,3
17,14,8,1,0,1
14,23,10,10,2,0
8,23,10,3,2,0
17,23,3,9,0,0
14,14,6,10,2,0
18,2,6,1,0,3
17,2,10,1,0,1
8,14,3,1,0,0
18,2,10,1,4,1
17,14,1,1,0,2
18,14,6,1,0,0
17,10,3,9,2,0
26,2,1,2,2,1
17,14,8,1,0,2
26,10,8,1,0,0
8,0,8,1,3,3
8,14,6,10,2,0
17,23,3,2,0,2
18,12,5,10,2,0
18,14,10,10,2,0
10,14,6,11,2,0
26,2,6,2,2,0
26,2,6,2,0,0
26,2,6,1,0,2
14,2,8,10,4,0
14,2,5,10,4,0
14,2,8,10,4,0
14,2,4,10,4,0
14,2,10,10,4,2
8,2,6,1,0,1
26,14,8,1,0,1
17,23,3,10,2,0
17,23,10,10,2,0
17,23,5,10,2,0
17,14,10,10,2,0
18,23,5,1,0,1
14,23,1,2,2,1
18,4,10,1,0,3
14,14,5,10,2,0
19,23,4,10,2,3
17,23,6,10,2,0
17,23,8,10,2,0
17,14,5,10,2,0
17,14,1,1,0,1
17,14,6,1,0,2
18,2,4,1,0,0
17,14,8,1,0,0
26,14,4,6,2,0
8,14,5,1,0,1
17,14,6,6,2,0
9,14,4,10,2,0
8,14,10,6,2,0
19,23,1,10,2,0
18,14,6,1,0,1
17,23,4,10,2,2
26,14,1,1,0,1
8,14,4,3,2,2
17,14,8,10,2,1
26,14,4,9,2,0
14,23,6,10,2,0
8,14,1,10,2,2
26,2,5,6,2,1
14,2,11,10,4,1
17,2,6,1,0,1
14,2,8,10,4,2
26,2,4,6,2,0
17,2,6,2,0,1
14,2,6,10,4,0
14,2,6,10,4,0
14,2,6,10,4,0
14,2,1,10,4,1
14,2,3,2,4,0
14,2,6,10,4,0
17,23,8,10,2,1
17,23,8,2,2,1
4,23,3,10,2,0
17,23,6,1,0,0
8,23,10,1,2,1
8,23,10,6,2,0
8,23,8,1,0,2
17,14,3,11,2,0
26,14,6,6,2,0
17,23,5,2,2,1
17,2,3,10,2,0
18,14,5,6,2,1
26,14,4,2,2,0
17,2,1,2,4,0
18,2,4,1,0,3
17,14,10,1,0,1
17,2,6,1,0,3
17,14,8,10,2,0
14,14,3,10,2,0
8,12,10,1,0,1
18,2,4,1,0,2
18,7,10,2,0,1
17,10,4,10,2,0
26,14,5,2,2,1
17,14,6,1,0,0
26,14,1,3,2,1
26,14,10,1,0,1
24,0,8,2,0,1
17,10,8,10,2,0
2,14,6,2,0,2
18,14,3,1,0,3
8,2,4,6,2,2
26,14,5,11,2,1
17,2,1,1,4,3
18,23,8,11,2,3
17,23,6,10,2,0
14,23,3,10,2,0
17,23,10,6,2,1
14,23,6,10,2,0
18,23,3,10,2,0
8,2,10,3,0,1
17,14,5,6,2,1
18,2,6,1,3,3
18,2,10,1,0,3
18,4,10,1,0,1
18,4,6,1,0,1
26,23,5,9,2,1
4,2,6,10,4,0
18,12,4,15,2,0
10,14,5,10,2,1
18,14,10,9,2,1
8,14,10,1,0,2
8,2,5,6,2,3
4,14,6,3,2,1
18,10,4,10,2,3
17,14,1,3,2,3
4,2,10,9,0,1
4,23,10,10,2,1
14,14,8,10,2,0
14,2,4,10,4,0
17,2,10,1,4,1
4,2,8,6,2,1
14,2,3,10,4,0
18,2,10,9,4,1
14,2,3,10,4,2
14,2,6,10,4,0
17,14,6,2,0,3
17,23,10,1,2,1
9,23,1,10,2,0
18,23,10,10,2,0
8,23,1,10,2,0
17,14,8,10,2,1
26,23,5,1,2,1
8,14,5,2,2,3
18,14,8,1,0,3
18,2,6,1,0,3
19,14,3,3,2,0
26,10,6,3,2,0
18,2,1,1,4,3
18,14,6,10,2,1
4,4,4,1,0,3
17,14,4,9,2,1
9,4,4,1,0,0
18,14,5,1,2,3
18,12,1,10,2,1
14,14,4,1,0,0
17,14,1,1,0,1
17,14,3,1,0,2
8,14,4,1,0,3
17,14,6,1,0,0
4,14,5,1,2,1
24,14,8,1,0,0
14,14,5,1,0,0
8,14,10,3,2,1
14,23,8,10,2,1
18,14,4,1,0,0
18,14,6,2,2,3
18,4,6,1,0,1
14,23,4,1,0,0
17,14,1,1,0,0
18,23,5,1,0,1
8,14,10,1,0,1
18,14,8,1,0,1
4,23,3,3,2,0
26,2,4,2,4,0
14,2,5,10,4,0
14,2,1,10,4,1
14,2,8,10,4,1
8,2,6,1,0,0
1,14,4,1,0,0
17,23,6,1,0,0
14,2,3,10,4,0
14,2,1,10,4,0
14,2,6,2,4,0
17,14,10,1,0,1
26,2,5,2,2,0
14,2,5,10,4,0
14,23,5,10,2,0
4,23,8,9,2,0
17,23,6,10,2,0
4,14,3,3,2,0
18,23,3,9,2,0
26,23,8,2,2,1
18,2,6,1,0,3
26,23,3,3,2,2
18,10,10,10,2,0
18,14,3,1,0,2
8,2,10,1,0,1
14,18,6,10,2,0
25,2,5,10,2,0
17,14,5,14,2,1
17,2,5,10,4,0
18,14,10,2,4,1
18,14,1,1,0,3
17,14,10,14,2,1
18,23,10,1,2,3
18,4,10,1,0,3
14,23,1,10,2,0
18,14,1,9,4,1
17,2,4,1,4,0
14,2,6,10,4,0
14,2,10,10,4,0
17,2,3,10,4,0
1,2,5,1,0,1
14,2,6,10,4,0
26,14,5,1,4,1
1,2,5,10,0,1
14,2,3,1,4,0
14,2,8,10,4,0
17,14,5,1,0,0
8,2,6,1,0,2
18,14,1,10,4,1
17,2,10,1,0,1
17,14,5,1,0,0
14,23,1,10,4,0
26,14,6,1,0,1
17,23,10,2,2,1
8,23,10,1,0,1
17,23,3,11,4,2
17,14,2,10,4,0
17,14,10,2,0,0
17,14,4,2,0,0
17,23,5,1,2,1
14,23,1,10,2,0
18,14,3,10,2,2
18,14,6,6,2,0
8,14,3,10,2,0
17,23,6,2,0,0
18,2,10,1,0,1
17,10,4,3,2,0
18,14,4,10,2,3
8,14,10,6,2,1
8,14,4,2,2,0
14,23,10,10,2,0
17,2,10,1,0,1
18,14,10,1,0,3
17,14,4,10,2,0
26,23,10,3,2,0
14,2,10,10,4,0
14,2,4,10,4,0
14,2,10,10,4,0
17,2,10,1,0,1
14,2,4,10,4,0
25,14,10,2,2,1
17,14,10,2,0,1
14,2,4,10,4,0
18,2,10,1,4,1
18,2,10,3,4,2
14,2,4,10,4,0
8,2,10,13,4,2
14,14,4,10,2,0
19,23,4,10,2,0
14,23,4,10,2,0
18,23,10,10,2,0
17,14,4,1,0,0
18,14,10,1,2,3
8,2,8,1,3,0
17,2,8,2,0,1
26,2,4,1,0,1
19,7,4,1,3,3
17,14,4,9,2,0
17,14,1,10,2,0
18,12,10,10,2,0
26,10,5,6,2,0
17,23,1,1,0,1
18,23,8,7,2,0
4,10,8,1,2,1
14,23,10,10,2,0
9,4,4,1,0,3
17,2,4,1,0,3
18,10,4,10,2,1
9,14,8,1,0,0
17,23,1,2,0,1
4,14,4,6,2,0
14,2,5,10,4,0
14,2,10,10,4,2
14,2,4,10,4,0
14,2,4,10,4,0
14,2,10,10,4,0
18,2,4,2,2,0
14,2,6,10,4,0
17,2,8,3,0,0
8,2,6,1,0,1
8,2,10,10,4,1
14,2,1,10,4,0
18,2,6,1,0,0
17,10,1,1,0,1
4,14,4,10,4,0
19,14,5,0,2,3
24,14,10,1,0,1
8,23,10,1,0,1
26,23,6,10,2,0
14,23,5,10,2,0
18,2,10,1,0,3
17,23,5,1,0,3
18,12,1,3,2,1
14,23,6,10,2,0
14,23,8,10,2,0
8,14,8,6,2,0
14,23,1,1,0,0
14,23,10,10,2,1
17,10,5,7,2,1
18,14,6,1,0,1
14,23,5,10,2,0
17,23,4,3,2,0
14,23,4,10,2,0
4,23,10,6,2,2
18,23,6,10,2,2
4,14,6,3,0,1
8,2,5,2,2,1
17,2,10,1,0,0
8,14,6,10,2,0
2,14,1,3,2,0
18,12,1,3,2,3
17,14,9,6,2,3
8,2,6,1,0,0
24,2,8,10,4,0
4,23,8,9,0,3
18,4,4,1,0,3
18,2,2,1,0,0
26,14,5,1,0,1
14,2,1,10,4,1
17,2,8,1,0,0
14,2,6,10,4,0
18,14,10,1,0,1
26,14,6,6,4,0
26,23,4,10,4,3
8,14,3,1,0,3
17,10,1,2,0,1
14,23,4,10,4,0
17,14,8,16,4,0
14,23,5,2,4,0
14,23,8,10,4,0
18,23,3,3,4,2
17,14,4,11,4,0
17,10,10,9,0,1
9,14,10,1,0,2
8,23,6,1,4,0
17,10,10,2,0,0
26,14,5,2,2,0
18,23,10,1,0,2
17,2,3,7,2,2
4,14,1,1,0,0
17,10,5,2,0,1
17,2,3,2,0,2
2,14,4,2,0,0
14,23,10,2,4,0
8,2,4,1,0,0
8,14,6,1,0,1
9,8,4,10,1,3
17,23,8,1,0,0
8,4,4,1,0,3
14,2,6,10,4,0
4,14,8,2,4,0
8,2,5,1,4,1
9,2,5,1,4,1
14,2,2,10,4,0
18,2,10,3,0,0
4,14,8,1,0,0
14,2,5,10,4,0
18,14,8,1,0,1
19,14,1,10,4,2
18,4,10,1,0,3
17,2,10,1,0,1
8,14,4,1,0,1
17,23,6,3,4,1
17,2,10,2,4,1
17,14,2,3,0,0
26,14,6,11,4,0
4,23,10,1,0,1
14,23,5,10,4,0
17,23,8,1,0,1
18,14,6,6,2,0
8,23,6,2,2,1
17,14,3,16,4,0
26,10,10,1,0,0
14,14,6,1,4,0
1,14,8,1,0,0
8,16,8,1,0,3
17,2,6,3,2,2
17,16,6,9,2,0
17,16,3,1,2,2
26,16,6,1,2,0
19,23,10,2,0,0
18,2,4,10,2,3
14,16,9,1,0,0
4,2,8,1,0,1
26,23,6,6,0,0
17,16,6,10,2,0
17,23,6,11,2,2
26,23,8,6,0,0
18,23,8,11,2,0
18,16,8,9,2,1
18,16,8,3,2,0
26,11,3,1,0,2
19,16,5,12,2,2
14,23,6,10,2,0
17,23,8,1,0,1
17,16,8,1,2,2
4,16,8,1,0,0
18,16,8,1,0,2
8,16,8,14,2,3
26,16,8,6,2,0
18,16,8,9,2,0
17,23,8,1,0,2
4,23,8,6,0,0
18,23,8,3,2,3
26,23,8,1,0,0
17,16,3,2,2,0
17,10,8,1,0,2
14,12,6,10,0,0
17,10,5,10,2,1
18,14,3,10,2,0
17,14,6,10,2,2
8,14,5,1,0,2
4,14,10,1,0,1
8,16,9,10,2,1
18,14,1,11,2,0
17,2,3,1,0,2
8,14,10,3,2,1
8,2,10,1,0,3
17,14,10,1,0,1
18,4,10,1,0,1
14,2,5,1,4,2
8,2,5,1,0,1
17,2,8,1,0,1
14,2,10,10,4,0
14,2,6,10,4,0
14,2,3,10,4,0
14,2,8,10,4,0
17,2,2,2,4,0
4,14,8,9,2,1
24,14,6,10,2,0
17,23,3,10,2,0
14,23,5,10,2,0
18,23,6,9,2,1
9,23,3,6,2,0
2,14,5,2,0,0
8,14,8,10,2,2
17,14,5,1,0,1
17,2,8,1,0,1
17,23,10,1,0,0
4,10,6,1,0,0
18,4,10,1,0,3
17,23,3,9,2,2
18,7,4,2,4,0
18,2,10,1,0,1
17,14,10,9,2,1
4,23,8,10,2,0
17,12,3,9,2,0
18,14,5,1,0,1
17,10,1,7,2,0
14,12,6,2,2,0
8,2,10,2,4,1
8,2,1,2,4,1
8,2,6,1,0,0
1,12,4,10,2,2
17,2,10,1,0,1
17,23,3,1,0,3
17,23,8,1,0,2
18,14,10,10,2,0
17,14,4,1,0,3
17,12,10,1,0,0
17,14,1,10,2,0
18,4,4,1,0,3
14,14,5,10,2,0
1,2,5,1,0,2
3,14,6,10,2,0
18,2,3,1,0,2
14,14,5,10,2,0
17,2,10,1,0,1
17,2,4,1,0,0
17,23,5,9,2,1
26,23,1,3,2,0
17,14,6,2,0,3
17,14,6,10,2,0
17,10,1,3,2,2
14,23,5,10,2,0
8,2,5,2,4,0
8,12,5,2,2,0
17,12,6,3,2,1
17,14,4,1,0,2
17,12,6,10,2,0
17,10,5,9,2,1
8,23,1,10,2,0
8,2,5,3,4,0
14,2,5,10,4,0
4,2,4,1,0,0
14,2,1,10,4,0
17,2,8,1,0,3
14,2,6,10,4,0
8,14,5,10,2,3
8,2,10,2,0,3
8,2,5,2,4,1
18,4,10,1,0,1
14,2,1,10,4,1
18,14,6,10,2,3
17,23,4,1,0,2
8,14,5,1,2,2
18,4,6,2,0,3
14,16,2,1,0,0
4,23,5,10,2,0
18,23,1,9,0,1
4,23,6,10,2,0
17,18,5,11,2,1
26,12,1,10,2,1
8,2,4,1,0,0
26,10,5,10,2,0
25,23,6,10,2,0
25,10,6,10,2,0
8,2,9,2,0,1
8,14,5,9,2,0
18,12,1,10,2,0
8,14,6,3,2,3
26,2,6,2,4,0
8,2,2,1,3,3
26,23,1,2,2,0
4,2,10,1,0,1
18,12,6,9,2,0
18,14,5,12,2,0
26,14,6,10,2,0
18,2,2,1,0,3
4,14,1,10,2,0
18,14,5,2,2,1
14,2,6,10,4,0
8,2,1,1,4,2
18,2,6,10,2,3
17,14,10,1,0,1
26,16,6,6,2,2
14,2,6,10,4,0
8,16,1,7,2,0
8,12,8,1,0,0
26,16,6,14,2,3
8,4,10,1,0,3
17,23,6,7,2,0
17,23,8,1,0,3
17,23,6,2,2,1
18,23,5,3,0,1
26,23,6,2,2,0
4,10,5,1,2,1
26,23,1,10,2,0
8,16,10,2,0,1
14,23,6,10,2,0
26,23,5,2,2,1
26,14,5,10,2,0
8,14,10,1,0,2
8,14,6,3,2,0
18,14,1,9,2,1
17,14,5,13,2,1
4,2,8,1,0,0
8,12,8,1,0,0
19,2,4,1,0,0
8,23,6,10,2,0
8,23,4,1,0,3
18,2,5,2,2,1
18,14,5,11,2,0
8,2,4,1,0,2
4,14,6,9,2,2
17,23,5,7,2,1
8,14,10,1,0,3
8,23,6,10,2,0
17,14,6,14,2,0
18,14,8,1,0,2
18,2,8,1,0,3
18,2,5,2,2,0
8,2,3,6,0,0
18,2,3,1,0,2
4,2,4,1,0,0
18,2,8,1,0,2
18,2,5,2,2,0
14,2,6,10,4,0
14,2,1,10,4,0
26,2,6,10,2,0
14,2,1,10,4,1
17,16,6,2,0,1
17,14,8,1,0,2
18,12,4,1,0,3
17,2,4,1,0,3
18,23,5,10,4,0
17,12,6,11,2,0
18,2,3,10,4,2
14,2,4,10,4,0
17,2,10,1,4,0
14,2,6,10,4,0
17,14,1,3,2,0
2,2,6,11,2,0
17,23,6,16,2,3
9,23,6,10,2,1
18,23,5,6,2,0
17,23,5,6,4,0
18,23,1,10,2,0
8,2,10,1,0,1
17,2,10,1,0,1
8,2,10,1,0,1
26,23,1,6,2,1
26,10,5,10,2,1
14,23,5,10,4,0
17,23,6,7,2,0
17,2,3,1,0,2
14,23,6,10,2,0
26,10,5,6,2,3
18,23,5,1,4,0
4,10,1,6,2,1
24,2,1,1,0,2
8,2,10,1,4,3
17,14,1,9,4,1
18,12,6,10,2,0
8,2,10,3,0,1
26,14,1,2,2,1
9,14,5,1,0,1
18,2,4,1,0,1
8,2,6,1,2,0
26,10,8,1,0,3
4,14,6,6,2,0
26,10,5,10,2,0
17,23,3,1,0,0
26,10,5,10,2,1
14,23,5,10,2,0
17,2,5,2,4,2
14,2,5,10,4,0
14,2,5,10,4,0
14,2,6,10,4,0
17,2,6,9,2,0
8,2,4,1,4,2
14,2,10,10,4,1
14,2,8,10,4,0
17,2,6,3,0,0
14,2,3,10,4,0
14,2,8,6,4,0
14,2,6,10,4,0
14,2,1,10,4,1
14,2,5,10,4,0
14,14,5,10,2,0
8,2,4,1,3,0
8,2,1,3,4,0
1,2,3,1,0,0
14,23,1,10,2,0
17,23,1,3,2,2
17,23,5,1,0,0
17,23,5,10,2,1
17,14,6,10,2,0
4,23,6,10,2,2
17,23,1,1,2,2
8,14,5,2,2,0
8,2,10,3,2,2
14,23,5,10,2,0
8,23,1,6,2,2
14,23,6,10,2,0
26,14,1,2,2,2
8,2,3,6,3,3
8,14,1,2,2,1
14,14,10,1,0,0
17,23,6,3,0,0
14,23,5,10,2,0
14,23,6,10,2,0
14,23,6,10,2,0
19,23,5,10,2,1
14,23,6,10,4,0
14,23,5,10,2,0
14,23,6,10,2,0
17,23,6,10,2,2
26,23,6,10,2,0
24,9,4,1,4,0
4,9,2,1,0,0
4,9,4,1,4,0
17,9,10,1,4,0
17,9,8,1,4,2
4,9,2,1,4,0
4,9,4,1,4,0
14,9,5,10,4,0
17,2,8,1,0,0
8,23,6,13,2,0
14,23,6,10,2,0
26,14,3,1,0,2
18,2,1,1,0,1
18,14,5,9,2,0
17,2,4,1,0,2
1,2,8,1,0,1
14,14,6,10,2,0
4,14,5,1,0,0
14,2,5,10,4,0
26,23,5,11,2,1
17,14,1,3,2,0
17,14,5,9,2,1
8,2,8,1,0,2
17,10,5,2,0,1
26,2,5,1,0,1
14,2,9,10,4,0
26,2,2,1,4,0
9,2,5,9,4,1
8,2,10,1,4,1
14,2,5,10,4,0
11,7,4,1,3,3
18,23,1,6,2,2
14,23,5,10,2,0
18,2,1,9,2,1
17,23,5,1,2,1
14,23,1,10,2,0
26,7,4,1,3,3
17,2,6,3,4,1
14,23,6,10,2,0
14,23,5,10,2,0
17,2,8,1,0,1
17,12,1,10,0,0
25,14,5,10,2,1
24,23,6,10,2,0
17,2,3,1,0,3
18,4,10,1,0,3
1,2,4,1,4,0
18,14,3,1,0,3
26,4,5,1,0,1
17,14,1,2,0,0
8,2,10,9,0,3
18,2,1,6,4,0
14,2,1,10,4,0
4,2,6,9,3,3
18,2,5,2,4,1
24,14,6,10,2,0
8,14,8,1,0,3
18,14,10,1,0,3
18,2,1,2,0,1
14,23,5,10,2,0
17,19,6,10,2,0
17,23,5,10,2,1
17,14,1,6,2,0
14,14,5,2,2,0
24,14,6,10,4,0
17,14,5,1,4,1
18,14,6,10,2,0
26,14,8,1,2,0
8,2,6,3,2,1
17,4,10,1,0,1
8,14,1,1,0,2
8,2,10,1,0,1
17,12,5,3,2,1
4,10,10,1,0,0
9,2,4,1,4,3
17,12,10,1,2,2
18,23,1,9,2,0
14,2,1,10,4,0
13,2,5,10,4,0
14,2,6,10,4,0
14,2,5,10,4,0
14,2,1,10,4,1
14,2,6,10,4,0
17,2,5,2,4,1
14,2,4,10,4,0
18,2,1,10,4,0
17,2,2,1,4,3
14,23,6,10,2,0
14,23,5,10,2,0
14,23,5,10,2,0
18,23,6,9,2,0
14,23,1,10,2,0
8,2,4,1,0,2
17,23,8,1,0,1
2,23,6,10,2,2
26,14,5,2,4,1
19,14,6,3,2,1
4,14,5,3,2,0
17,14,6,1,2,1
17,2,3,1,0,0
17,14,1,10,2,3
17,23,8,1,0,0
17,12,1,6,2,1
8,2,6,2,2,0
20,14,1,10,2,1
17,23,5,9,2,1
18,4,4,1,2,2
8,2,5,3,0,1
18,23,1,6,2,3
8,23,5,10,2,3
17,23,5,10,2,2
9,2,4,1,0,3
17,14,6,9,2,0
17,12,1,3,2,1
17,23,5,1,0,2
8,2,5,6,4,1
9,7,2,1,3,3
8,2,10,1,0,1
9,7,2,1,0,3
24,7,10,1,0,1
17,2,1,10,4,0
14,2,10,10,4,0
17,2,5,2,4,1
26,23,10,1,0,3
18,23,4,1,4,0
14,14,10,1,0,0
8,23,6,2,4,0
17,23,8,1,0,2
10,2,5,10,4,0
14,12,5,10,2,0
8,2,3,1,0,3
17,23,6,9,2,0
17,23,9,2,0,3
18,14,2,1,4,3
8,23,6,6,2,0
18,23,1,10,4,2
17,14,4,1,4,2
18,14,8,1,4,0
19,2,6,10,4,0
2,2,5,10,4,0
17,2,8,1,0,0
18,2,1,9,4,3
8,14,8,2,0,0
14,2,6,10,4,0
17,2,2,1,4,0
17,2,1,10,4,0
18,2,6,10,4,0
2,2,6,10,2,1
4,8,5,3,2,3
14,2,1,10,4,0
14,2,10,10,4,0
14,2,4,10,4,2
14,2,1,10,4,1
17,2,6,2,0,0
9,23,1,2,4,1
17,14,6,2,4,0
18,23,6,10,2,1
9,23,5,9,4,1
10,23,1,10,4,0
14,23,1,10,4,0
8,14,5,10,4,0
24,23,5,10,4,0
8,23,1,9,4,0
18,23,6,10,4,0
9,23,5,10,4,0
8,4,1,11,4,3
26,12,2,1,4,0
8,2,1,10,4,0
11,2,6,2,4,0
17,2,5,10,2,2
18,2,10,1,0,1
18,4,10,1,0,3
17,2,10,1,4,1
18,0,3,10,2,0
8,23,10,1,0,3
9,14,6,8,3,3
4,2,5,1,0,1
26,14,5,11,4,0
26,2,4,1,4,0
17,14,3,1,4,2
8,14,1,15,4,3
14,23,1,3,4,0
4,14,5,6,4,0
9,14,1,1,4,2
9,2,10,1,4,2
19,7,2,1,0,3
14,2,1,10,4,1
17,2,5,1,4,1
14,2,5,10,4,0
26,2,3,1,0,2
17,2,5,3,4,0
8,14,2,1,4,3
17,2,6,10,4,0
17,14,5,10,4,1
10,14,1,2,4,0
18,2,10,1,4,1
18,2,4,1,0,1
14,2,4,10,4,0
14,2,3,10,4,0
14,2,10,10,4,0
17,23,1,9,2,0
8,2,4,1,0,2
14,2,2,10,4,0
8,4,4,1,0,3
26,4,10,1,0,3
1,14,1,2,4,0
8,2,4,1,2,3
17,14,6,3,2,1
18,23,6,10,4,0
17,14,5,2,4,1
26,14,5,1,4,1
14,12,6,10,4,0
4,23,5,2,4,0
17,2,9,3,0,1
18,14,6,9,2,1
18,23,1,3,4,3
18,2,3,1,0,3
8,14,2,1,4,0
26,10,3,3,4,0
5,10,3,1,4,2
4,2,2,1,4,0
4,14,5,2,4,0
18,2,1,9,0,0
14,2,5,10,4,1
8,2,1,10,4,1
8,2,5,10,4,0
4,23,6,10,4,0
17,14,5,1,4,0
14,2,5,10,4,0
14,2,1,10,4,1
8,2,6,9,2,0
4,14,5,1,4,0
17,2,2,2,0,0
17,14,3,1,4,0
14,19,6,9,4,0
14,22,6,10,4,0
1,23,6,2,2,0
8,14,1,9,4,1
9,23,5,2,4,1
17,23,1,6,4,1
17,23,6,9,4,0
7,23,6,10,4,0
18,12,6,10,2,1
18,23,1,6,4,3
8,2,6,3,4,0
8,2,6,2,2,0
14,15,6,11,4,0
17,14,1,2,4,0
8,23,4,1,4,2
17,14,3,1,4,2
17,2,6,10,2,0
14,2,2,10,4,0
14,2,6,10,4,0
14,2,6,10,4,0
14,2,6,10,4,0
4,2,1,9,4,0
14,2,6,10,4,0
8,2,8,2,3,0
17,2,1,2,4,2
17,14,1,9,4,0
18,14,6,9,2,3
17,23,6,2,4,1
18,2,1,2,0,1
17,10,8,1,4,2
14,23,6,10,4,0
17,23,2,1,4,0
14,22,1,10,4,0
11,7,2,1,3,3
14,23,1,2,4,0
2,23,6,1,2,1
17,14,5,1,0,2
17,14,5,1,4,2
18,2,4,1,0,3
18,14,4,1,4,1
19,2,1,2,4,0
17,2,3,1,0,2
17,14,8,1,4,0
26,2,10,2,4,1
17,14,1,6,4,0
26,2,1,6,4,3
14,2,1,6,4,0
18,12,8,1,4,0
26,14,5,11,4,1
17,14,1,1,4,0
26,14,3,1,4,2
26,2,10,1,0,3
14,19,1,6,4,0
18,14,5,2,4,0
17,2,4,1,0,3
9,14,5,6,4,1
4,14,1,3,4,0
14,23,1,10,4,0
14,2,1,9,4,1
14,2,5,10,4,0
14,2,1,10,4,0
14,2,1,10,4,1
17,2,10,1,0,2
18,14,5,6,4,0
17,14,1,11,4,0
14,2,1,10,4,0
8,2,5,10,4,1
18,14,4,15,4,0
17,2,3,1,4,2
14,2,1,10,4,0
14,2,5,10,4,0
14,23,1,2,4,0
17,14,5,10,4,1
8,2,10,1,0,1
17,2,3,1,0,2
17,2,1,10,4,3
18,14,5,3,2,0
17,14,4,2,4,3
8,12,5,6,4,1
14,22,1,10,4,0
24,23,5,10,4,0
17,23,5,10,4,1
26,23,5,10,2,0
19,23,1,2,4,1
14,23,5,10,4,0
14,23,1,3,4,0
8,4,4,1,0,3
18,23,4,1,4,1
17,14,1,2,4,0
18,2,1,2,4,0
17,12,5,9,4,1
4,13,5,13,4,0
17,23,5,10,4,0
26,14,2,1,0,0
9,14,10,1,0,0
4,11,5,10,4,0
18,14,1,2,4,1
17,2,5,6,2,1
17,14,5,10,4,0
14,12,1,2,4,0
8,2,1,10,4,0
17,2,1,1,4,1
14,2,5,10,4,0
8,2,8,1,0,3
26,2,1,2,4,3
17,14,5,12,4,0
18,14,2,1,4,3
17,2,1,3,4,1
17,2,1,2,4,1
14,2,1,10,4,0
14,2,5,10,4,0
14,2,5,10,4,0
13,2,5,10,4,0
14,2,1,10,4,0
17,23,5,10,4,0
8,2,1,15,2,3
17,2,1,3,4,1
17,23,5,10,4,1
18,23,5,13,4,0
8,23,5,10,4,0
18,23,5,1,4,3
18,13,8,1,3,0
17,23,1,10,4,0
18,2,5,1,0,0
21,14,5,10,4,0
17,14,5,10,2,1
8,14,10,1,4,0
18,23,1,15,4,3
18,14,5,3,2,1
14,14,1,16,4,0
18,14,5,1,4,2
14,22,1,10,4,0
17,14,1,6,4,1
18,23,1,6,4,3
17,13,5,10,4,0
14,2,6,10,4,0
14,2,1,10,4,0
8,2,10,1,0,3
17,2,5,1,4,0
14,2,5,10,4,0
14,2,1,10,4,1
14,2,5,10,4,0
26,2,1,2,4,1
14,2,1,10,4,2
14,2,1,10,4,0
14,2,5,10,4,0
14,2,5,10,4,0
14,2,1,10,4,0
14,2,5,10,4,0
14,2,1,10,4,1
26,14,1,6,4,0
18,2,5,3,2,2
14,2,1,10,4,0
8,2,1,2,4,1
14,2,1,10,4,1
14,2,5,10,4,0
14,2,5,10,4,0
14,2,5,10,4,0
14,2,1,10,4,0
13,2,5,10,4,0
26,14,5,2,4,2
18,14,9,2,4,3
18,2,1,2,4,3
14,2,5,10,4,0
14,2,5,10,4,1
18,2,8,1,4,2
4,2,5,10,2,0
8,2,1,1,4,0
14,2,1,10,4,0
14,2,1,10,4,0
14,2,1,10,4,0
14,2,1,10,4,0
14,2,5,10,4,0
14,2,5,10,4,0
18,23,1,3,4,0
18,2,1,2,4,0
26,14,3,1,0,2
18,14,1,0,4,3
26,23,1,2,4,0
17,23,5,10,4,0
17,23,5,2,4,1
17,14,10,1,0,0
8,23,1,3,4,0
14,23,1,7,4,0
14,14,8,1,4,0
19,14,5,3,4,3
18,23,2,1,0,0
17,23,4,1,0,3
8,2,4,9,0,2
17,16,1,10,2,1
18,0,3,2,3,3
9,23,8,1,0,0
8,2,1,1,0,2
24,16,1,4,2,1
24,23,1,10,2,0
19,16,5,3,2,0
4,23,6,10,2,0
17,23,5,2,2,0
18,2,6,3,2,0
18,2,6,3,2,0
17,23,6,3,2,0
7,23,6,10,2,0
8,16,5,9,2,3
18,16,1,9,2,3
18,16,5,2,2,1
17,16,6,2,0,0
8,16,6,6,2,1
17,10,6,13,2,0
8,16,6,6,2,1
18,2,6,2,2,1
8,2,6,2,2,2
14,23,6,3,2,0
18,23,6,11,2,0
26,23,8,1,0,0
4,23,8,1,0,0
18,23,6,3,2,1
17,23,6,10,2,2
17,23,6,10,2,0
4,3,6,10,2,1
18,23,1,3,0,1
26,23,6,9,2,1
17,23,6,6,2,1
14,23,6,9,2,0
8,23,6,3,2,0
26,16,6,6,2,1
17,16,8,1,0,3
8,3,8,1,0,3
4,10,8,1,0,0
18,23,6,6,2,0
4,23,6,2,0,0
1,23,6,9,0,0
8,2,8,1,0,0
18,16,6,10,2,0
17,23,8,1,0,0
8,23,6,10,2,0
26,16,6,9,2,0
26,23,6,9,2,0
18,14,8,1,0,3
17,14,3,1,4,3
18,12,1,15,4,0
8,2,4,1,0,0
18,2,8,1,0,3
8,14,6,9,2,0
4,14,5,6,4,1
18,12,6,10,2,1
17,10,5,2,4,1
19,14,1,11,4,1
17,14,5,3,4,1
14,2,6,10,4,0
14,2,1,10,4,0
14,2,1,10,4,1
14,2,5,10,4,0
14,2,6,10,4,0
8,2,5,2,4,0
14,2,6,10,4,0
14,2,1,10,4,1
8,2,6,10,0,0
14,2,6,10,4,0
14,2,1,10,4,0
17,2,1,3,4,1
17,2,6,10,4,1
14,2,5,10,4,0
14,2,1,10,4,0
4,2,6,6,2,0
4,15,6,10,4,0
26,23,6,2,2,0
14,23,5,10,4,0
17,23,1,11,4,0
17,14,5,2,4,1
4,23,6,10,4,0
19,4,2,1,3,3
18,2,6,10,2,3
18,2,6,1,2,3
26,14,2,1,0,3
8,23,1,10,4,0
24,14,8,1,4,1
17,14,5,11,2,1
8,14,6,6,0,1
8,23,6,6,2,0
18,2,4,1,0,0
8,2,10,1,0,2
18,15,6,3,2,0
8,14,5,1,0,1
17,14,1,2,4,0
8,14,5,2,4,0
17,14,5,14,4,0
14,2,1,10,4,0
14,2,6,10,4,0
14,2,6,10,4,0
4,2,1,1,4,1
4,2,4,1,4,0
14,2,6,10,4,0
14,2,6,10,4,0
17,2,1,10,4,0
9,2,5,1,4,1
14,2,6,10,4,0
17,2,5,2,4,0
8,2,1,1,4,1
14,2,10,10,4,0
14,2,5,10,4,0
18,2,1,2,2,3
18,2,1,2,4,0
18,2,4,1,4,0
17,14,5,3,4,1
24,0,1,1,0,1
17,10,8,1,4,2
4,10,1,6,4,0
17,12,5,9,4,2
17,14,3,1,4,2
17,14,6,10,4,1
17,14,8,1,0,0
8,2,6,3,2,0
17,2,3,10,2,3
18,0,3,1,0,2
4,23,4,1,4,0
24,23,5,1,4,3
8,23,6,2,2,0
26,23,6,6,2,0
25,23,1,6,4,0
26,23,6,2,4,0
18,23,1,10,4,0
18,23,5,3,4,0
17,23,1,2,4,1
17,23,5,10,4,0
26,23,10,1,4,1
18,14,6,9,2,1
17,23,1,2,4,1
8,4,2,2,2,3
8,14,6,10,2,0
18,14,5,11,4,0
4,14,2,1,4,0
8,14,5,14,4,0
18,14,10,10,4,3
8,2,8,1,4,3
17,10,2,1,4,0
8,23,5,9,4,0
19,14,10,1,4,0
8,14,2,1,4,0
14,14,6,10,4,0
14,2,1,10,4,0
14,2,5,10,4,0
14,2,6,10,4,0
17,2,6,1,2,0
14,2,5,10,4,0
14,2,5,10,4,0
14,2,6,10,4,0
17,2,8,1,0,2
8,14,6,10,2,2
18,12,5,10,4,0
24,14,6,10,4,0
8,14,5,16,4,2
18,14,10,1,0,1
14,14,5,10,4,0
4,2,8,1,0,0
14,2,1,10,4,0
17,2,6,2,2,1
14,2,5,10,4,0
14,2,1,10,4,0
17,23,5,10,4,0
17,23,6,10,4,0
17,23,2,1,0,0
26,23,6,10,2,3
8,23,5,10,4,0
17,23,6,2,0,1
14,2,5,10,4,0
14,2,6,10,4,0
14,2,5,10,4,0
14,2,6,10,4,0
26,2,5,6,4,3
18,14,5,14,4,3
8,23,5,10,4,1
18,4,10,1,0,1
18,23,10,1,4,1
4,4,5,1,0,3
24,14,10,1,0,0
18,14,5,9,4,0
18,14,5,9,4,0
4,14,1,10,4,0
8,14,1,10,4,0
14,23,3,1,4,0
4,10,6,6,2,0
17,14,6,2,2,1
17,2,1,2,4,1
18,2,1,2,4,3
17,23,1,9,4,0
18,14,1,2,4,1
1,2,4,1,4,1
18,2,6,2,2,2
14,2,1,10,4,1
8,2,6,9,2,0
8,2,6,2,2,1
14,2,5,10,4,0
8,2,5,1,4,1
17,2,6,2,0,0
17,14,1,10,4,1
17,14,5,2,4,0
17,12,6,10,0,0
17,2,10,1,0,1
8,14,6,2,4,1
26,14,5,3,4,1
2,14,6,14,2,1
24,14,1,6,4,3
17,14,4,1,0,0
17,2,3,1,0,2
14,14,1,10,4,0
4,23,5,10,4,2
14,14,6,16,4,0
19,14,5,9,4,0
8,23,6,10,4,0
8,23,5,9,2,1
17,23,5,10,4,1
8,23,1,13,4,0
14,23,6,10,4,0
8,23,10,1,4,0
11,23,3,1,4,0
17,23,8,1,4,0
18,23,1,2,4,3
17,23,5,6,4,0
14,22,5,10,4,0
4,23,1,1,4,1
18,23,5,10,4,0
14,22,1,10,4,0
14,22,5,10,4,0
18,23,5,10,4,0
18,23,6,10,4,0
14,22,1,10,4,0
14,22,1,10,4,0
14,22,1,10,4,0
14,22,5,10,4,0
18,23,1,10,4,0
14,22,1,10,4,0
14,22,6,10,4,0
14,22,1,10,4,0
18,2,6,2,2,0
14,22,6,10,4,0
8,23,6,10,4,0
14,22,6,10,4,0
14,22,1,10,4,0
14,22,5,10,4,0
17,23,1,10,4,0
18,23,6,2,0,0
14,22,6,10,4,0
14,22,6,10,4,0
14,22,6,10,4,0
14,22,5,10,4,0
18,2,6,2,2,0
5,10,1,6,2,1
18,16,1,3,2,0
17,23,10,1,2,1
18,16,1,9,2,0
4,10,5,13,2,0
17,16,10,1,0,1
17,3,6,3,2,1
8,16,1,3,2,0
8,16,8,1,0,3
18,16,6,3,2,0
4,10,5,6,2,0
4,16,1,6,2,0
8,16,3,1,0,0
14,22,5,10,2,0
17,4,1,1,2,1
17,2,1,10,4,0
17,23,1,10,2,0
26,23,6,11,2,2
17,23,1,10,2,0
2,23,5,10,4,0
9,2,4,1,4,0
17,2,8,1,0,0
24,2,5,3,0,2
17,2,1,6,4,3
18,14,1,15,2,3
24,23,8,1,4,2
18,23,1,2,4,1
17,23,8,1,4,0
8,2,5,6,4,1
8,2,1,6,4,0
14,2,1,10,4,0
13,2,5,10,4,0
14,2,1,10,4,0
26,2,6,2,2,0
8,23,1,2,4,3
14,2,6,10,4,0
14,2,4,10,4,0
18,2,1,9,4,0
17,2,1,2,0,1
17,2,2,1,0,0
17,23,5,9,0,0
17,23,5,3,0,0
18,23,3,1,4,3
9,23,6,10,4,0
20,23,1,10,4,0
18,23,8,1,4,0
18,14,5,15,4,3
26,4,4,1,3,3
14,2,5,10,4,0
17,12,10,1,4,0
17,14,4,1,4,1
8,0,8,2,3,2
18,2,4,1,0,1
26,23,4,1,4,0
14,2,6,10,4,0
14,2,5,10,4,0
14,2,1,10,4,0
17,14,5,9,4,1
17,14,5,11,4,0
18,2,5,9,0,0
14,14,2,1,0,0
8,14,8,1,0,0
5,14,10,1,4,1
26,14,10,1,0,1
17,14,2,1,0,3
17,14,1,6,4,0
17,14,5,10,4,0
17,14,9,13,4,3
26,14,1,10,4,0
26,14,6,9,2,0
9,23,5,10,4,1
17,2,4,1,0,0
26,2,6,2,2,3
14,22,1,10,4,0
9,23,6,10,4,1
14,22,1,10,4,0
8,2,10,1,0,0
18,23,4,1,4,3
18,2,8,1,0,2
14,23,5,10,4,0
14,23,5,10,4,0
14,23,6,10,4,0
14,23,5,10,4,0
8,23,8,1,0,2
14,22,5,10,4,0
14,22,5,10,4,0
14,23,5,10,4,0
14,23,8,1,0,0
17,23,5,13,4,0
17,23,1,10,4,1
14,22,1,10,4,0
18,23,5,3,4,1
18,0,4,1,0,1
8,4,9,1,0,0
8,2,5,7,2,0
4,14,1,3,4,0
8,0,8,1,0,3
14,2,1,10,4,1
18,2,6,10,2,3
14,2,6,10,4,0
18,2,1,3,4,3
14,2,6,10,4,0
4,14,5,13,4,0
17,14,5,1,0,2
26,23,6,6,2,0
8,2,10,1,0,3
17,12,1,9,4,0
14,22,1,10,4,0
17,2,5,2,0,1
8,2,3,1,0,0
14,22,6,10,4,0
14,22,5,10,4,0
18,23,9,10,4,3
2,23,1,10,4,0
14,22,6,10,4,0
14,22,6,10,4,0
14,22,6,10,4,0
26,23,1,10,4,0
9,23,1,6,4,1
17,23,1,2,4,0
4,2,1,6,4,0
17,2,10,1,0,1
18,23,9,3,4,0
8,2,5,3,2,3
8,23,4,1,4,2
8,2,5,1,0,1
1,23,4,1,4,0
8,14,10,1,0,0
18,14,4,1,4,3
4,14,5,9,4,0
16,23,1,13,4,1
4,14,8,1,4,1
18,14,1,7,4,0
18,14,6,9,4,0
8,2,4,1,0,2
17,14,10,1,0,1
8,14,1,9,4,0
14,23,6,10,4,0
14,2,1,10,4,0
17,14,10,1,4,1
14,14,6,10,4,0
8,14,1,10,4,0
18,14,5,11,2,0
14,2,1,14,4,0
9,14,1,2,4,0
14,2,6,10,4,0
17,2,10,1,4,0
14,2,6,10,4,0
14,2,6,10,4,0
26,2,1,10,4,2
14,2,6,10,4,0
14,2,6,10,4,0
14,2,6,10,4,0
14,2,1,10,4,0
14,22,5,10,4,0
8,2,1,2,4,1
14,2,6,10,4,0
17,2,5,14,4,1
14,22,1,10,4,0
17,23,1,2,4,2
4,23,4,1,4,2
8,23,6,2,2,0
14,22,1,10,4,0
24,23,1,10,4,0
26,23,6,9,4,0
8,14,8,1,0,2
18,14,6,7,0,0
8,12,1,6,4,0
17,23,1,2,4,0
8,12,6,10,4,2
1,14,1,10,4,0
4,14,10,1,4,0
14,14,6,10,4,0
17,2,6,2,0,0
17,2,6,10,4,0
14,2,1,10,4,0
9,4,10,1,0,1
17,2,10,1,4,0
26,23,1,10,4,0
17,2,1,10,4,0
14,2,1,10,4,0
17,2,10,1,0,3
14,2,1,10,4,0
0,2,6,1,0,0
14,22,6,10,4,0
14,2,6,10,4,0
9,2,6,10,4,0
14,2,1,10,4,0
14,2,5,10,4,0
14,2,1,10,4,0
17,2,6,2,0,2
17,14,6,3,4,0
9,14,6,9,4,0
17,10,10,1,4,2
26,14,6,10,2,0
24,2,10,1,0,1
14,2,6,13,4,0
8,14,1,14,4,1
14,13,6,2,4,0
17,14,1,10,4,1
2,14,6,10,4,1
17,2,10,1,4,0
17,2,4,1,2,0
1,2,10,1,0,2
8,23,1,1,4,3
8,23,10,1,4,3
17,22,6,10,4,2
18,23,5,14,4,3
17,23,3,1,4,2
26,23,6,6,2,0
26,23,1,2,4,0
26,23,6,2,2,0
26,23,6,2,2,2
8,23,5,10,4,0
14,22,6,10,4,0
17,23,1,6,4,0
18,23,10,1,4,3
14,23,6,10,4,0
17,23,1,2,4,0
18,23,6,9,2,2
8,2,5,10,2,1
8,14,5,10,4,0
26,14,6,6,2,2
26,14,5,2,2,1
18,4,5,1,0,3
17,14,1,14,4,0
17,14,2,1,0,3
8,2,10,1,4,1
8,23,1,9,4,0
18,2,6,10,2,3
9,2,10,1,0,3
14,2,6,10,4,0
14,2,5,10,4,0
17,2,4,10,4,2
14,2,6,10,4,0
17,2,6,2,0,2
9,2,4,1,4,3
14,2,5,10,4,0
14,2,1,10,4,1
17,2,6,10,0,2
17,14,1,2,4,3
14,23,6,10,4,0
11,23,6,10,4,0
14,23,1,10,4,0
17,23,5,9,4,1
8,23,1,6,4,0
26,23,5,7,4,0
8,2,5,6,2,1
18,2,1,3,4,0
17,14,10,1,4,2
8,14,1,16,3,0
26,14,5,2,4,2
18,2,5,2,4,3
4,14,1,14,2,0
17,23,6,2,0,1
14,23,1,6,4,0
14,14,8,1,4,0
14,2,1,10,4,0
17,2,1,2,4,1
14,2,6,10,4,0
14,2,6,10,4,0
14,2,1,10,4,0
17,14,1,6,4,1
17,14,6,6,4,2
18,14,5,10,4,0
24,23,6,10,4,0
18,23,6,3,2,0
8,23,1,2,4,0
18,23,5,3,4,1
17,2,1,9,4,2
9,23,1,10,4,0
24,14,1,3,4,0
17,14,5,6,2,1
18,14,6,10,2,1
26,14,1,2,4,1
4,14,6,9,4,2
26,14,10,1,0,1
4,14,1,1,0,2
17,14,3,1,4,2
17,14,5,9,4,1
17,23,1,7,4,0
17,23,5,10,4,0
26,14,9,2,4,3
26,14,5,2,4,0
4,14,10,1,0,1
17,14,6,10,4,2
26,14,6,9,0,0
17,2,2,1,0,3
14,2,6,10,4,0
14,2,1,10,4,1
8,23,4,1,4,2
14,2,6,10,4,0
18,2,1,9,4,0
18,23,6,3,2,0
17,2,6,2,0,0
14,2,5,10,4,0
17,2,8,1,0,3
14,2,1,10,4,0
18,2,6,1,2,2
17,12,6,3,4,0
9,14,8,1,0,0
17,2,3,1,0,2
18,23,5,2,4,0
14,23,6,10,4,0
8,23,1,10,4,0
14,23,6,14,2,0
4,23,10,1,0,1
18,4,4,1,0,3
1,23,1,2,4,0
26,0,8,1,0,3
4,10,1,6,4,0
8,14,6,10,4,0
8,14,5,0,4,0
17,14,6,2,4,0
17,14,1,2,4,0
14,14,6,10,4,0
18,23,5,10,4,0
4,23,5,10,4,0
17,14,10,1,0,0
17,23,5,10,4,1
17,14,1,10,4,2
19,14,6,14,3,1
14,14,6,11,4,0
18,14,5,9,4,0
14,2,1,10,4,0
14,2,1,10,4,0
14,2,1,10,4,0
4,2,6,1,0,0
17,2,2,1,0,0
14,23,5,10,4,0
17,14,6,3,4,0
18,14,5,11,4,2
18,14,1,9,0,1
18,23,5,3,4,0
25,14,1,10,4,0
17,14,10,1,4,3
8,14,6,9,4,0
18,14,1,9,4,0
14,2,6,10,4,0
8,14,6,6,3,0
18,4,10,1,0,1
26,23,5,10,4,0
18,2,8,1,0,1
9,2,3,1,4,3
14,2,6,10,4,0
13,2,5,10,4,0
14,2,6,10,4,0
8,2,6,10,2,0
14,2,1,10,4,0
8,4,9,1,0,3
14,23,5,10,4,0
14,22,1,10,4,0
4,23,4,1,4,0
26,23,6,6,0,0
14,23,1,3,4,1
8,4,4,10,2,3
26,2,5,3,2,0
17,2,1,2,4,1
14,2,5,10,4,0
14,2,1,10,4,0
8,2,5,10,4,0
14,2,6,10,4,0
14,2,1,10,4,0
14,2,5,10,4,0
26,2,5,1,4,0
8,14,3,1,0,0
26,23,2,1,4,0
9,7,4,1,0,3
4,14,1,2,4,0
18,14,6,3,0,0
17,4,1,2,4,1
8,4,2,1,0,3
18,2,5,2,0,3
18,2,6,3,3,1
17,14,1,10,4,0
14,14,6,2,4,0
8,14,10,1,4,0
18,14,5,9,4,0
18,14,5,9,4,0
14,14,6,10,4,0
4,14,5,1,0,1
17,14,1,10,4,0
26,14,10,1,0,1
17,2,3,1,0,2
4,23,5,10,4,0
8,4,9,9,2,3
8,23,10,1,4,1
8,23,1,10,4,0
26,14,10,1,0,0
26,23,6,6,2,0
18,2,6,7,4,0
18,2,8,1,0,2
17,2,4,1,0,0
14,2,6,10,4,0
8,2,5,11,0,1
8,2,1,10,4,0
18,2,10,1,0,1
8,2,1,10,4,1
8,2,6,1,3,1
17,2,1,3,4,1
17,14,5,2,4,0
14,14,6,10,4,0
8,2,4,1,3,2
18,0,8,10,2,3
17,14,4,1,4,0
17,14,5,14,4,0
17,14,6,14,4,0
17,2,3,1,4,2
8,23,5,3,4,0
17,23,1,7,4,0
9,7,4,1,0,3
14,23,1,2,4,0
8,23,5,15,4,0
14,2,6,10,4,0
14,2,6,10,4,0
26,2,1,2,4,0
8,2,5,3,2,0
4,14,2,1,4,0
14,14,6,10,4,0
4,14,10,1,0,1
17,14,5,2,4,2
19,14,6,6,4,2
18,14,3,1,4,3
18,14,6,2,4,0
14,2,8,1,4,0
17,14,5,2,2,1
18,14,5,9,4,0
8,14,6,9,4,0
4,14,5,2,4,0
8,14,3,1,0,0
18,2,6,7,2,0
26,23,1,2,4,3
14,2,8,1,4,0
17,2,5,9,2,1
26,23,1,2,4,3
26,2,6,10,3,2
17,23,1,9,4,0
18,23,10,1,0,1
26,14,3,1,4,2
18,4,5,6,2,3
26,14,6,9,2,0
14,14,5,10,4,0
8,14,1,3,4,0
2,14,4,1,4,0
14,2,5,3,4,0
17,14,5,10,4,0
17,14,5,10,4,0
17,14,6,2,4,0
17,14,2,1,0,0
26,14,4,1,0,0
18,14,8,1,0,2
18,14,1,9,4,0
18,14,5,9,2,0
17,14,6,14,2,3
8,2,8,1,4,0
17,2,2,1,0,0
14,2,1,10,4,0
14,2,1,10,4,1
8,2,5,6,2,1
26,2,6,2,2,0
8,2,1,2,4,0
4,2,1,2,4,0
14,2,6,10,4,0
8,2,5,2,4,0
17,23,5,10,4,3
1,23,3,1,4,0
17,23,6,7,2,0
17,23,10,1,4,1
18,23,1,10,4,0
17,23,6,3,4,0
18,23,5,10,4,3
18,23,4,1,0,2
14,23,1,2,4,0
17,23,10,1,4,1
17,23,3,1,4,2
18,23,8,1,0,3
18,23,1,3,4,0
18,14,10,1,0,0
25,14,8,1,0,2
26,8,10,1,0,1
18,14,4,1,0,1
4,14,1,6,4,0
14,23,5,10,4,0
26,14,5,2,4,0
14,2,8,1,4,0
14,2,6,6,4,0
14,2,1,10,4,0
4,2,6,16,2,0
25,2,10,1,0,1
14,2,5,10,4,0
14,2,1,10,4,0
1,23,6,2,4,0
8,23,1,7,4,2
8,14,5,3,2,0
18,14,10,1,0,1
4,10,6,2,4,2
19,8,4,1,0,3
19,16,8,1,0,3
18,14,6,3,4,0
26,14,6,3,4,0
17,14,8,1,4,0
18,14,1,3,2,0
17,2,5,2,2,1
17,23,10,1,4,2
8,23,6,1,2,1
4,23,1,2,4,1
17,23,5,2,4,0
8,23,5,6,2,0
14,2,5,10,4,0
14,2,6,10,4,0
14,2,1,10,4,0
14,22,5,10,4,0
26,23,4,1,4,0
17,2,5,1,4,2
14,2,6,10,4,0
4,23,6,3,2,0
14,2,5,10,4,0
26,2,10,1,4,0
14,22,5,10,4,0
14,22,6,10,4,0
26,23,1,2,4,2
18,2,5,6,2,0
18,23,5,10,4,0
14,22,5,10,4,0
18,14,5,3,2,0
25,14,6,6,2,2
26,23,4,1,4,0
17,4,1,2,4,1
26,23,4,1,0,1
17,16,2,1,2,3
17,12,6,7,2,0
17,10,3,1,0,3
17,16,1,2,2,1
18,23,5,9,2,2
18,15,4,1,0,3
18,16,6,2,2,3
8,16,5,10,2,2
9,8,4,1,0,3
4,23,6,10,2,0
17,23,1,2,2,0
26,16,6,2,2,0
17,12,3,1,2,2
18,16,5,2,2,0
2,14,10,1,4,0
14,2,6,10,4,0
14,2,6,10,4,0
8,2,6,3,2,0
8,2,1,10,4,2
18,2,1,3,4,0
14,2,1,10,4,0
9,16,6,14,2,1
8,0,3,1,0,3
8,0,8,1,0,3
26,12,6,10,2,0
18,15,1,9,2,0
14,23,5,10,2,0
17,10,6,11,2,0
14,23,1,3,2,2
14,23,1,10,2,0
4,14,5,6,2,0
11,23,5,10,2,0
17,14,6,6,2,0
14,14,8,1,0,0
17,12,5,1,4,0
17,14,1,2,4,0
4,23,6,10,2,1
26,14,1,2,4,0
17,23,3,1,4,3
17,14,3,1,4,0
17,2,1,2,4,2
8,2,10,1,0,1
18,2,6,3,2,2
4,14,2,1,4,0
8,14,5,10,4,0
26,23,1,3,4,0
17,14,4,1,4,3
8,2,4,1,0,2
2,2,4,1,4,3
19,16,8,1,0,3
17,14,1,10,4,0
8,14,6,6,2,0
14,23,5,10,4,0
18,14,6,9,4,0
17,14,10,1,4,3
4,2,6,2,2,0
17,14,8,1,4,0
14,2,6,10,4,0
14,2,1,10,4,0
17,14,5,0,4,0
14,14,5,10,4,0
14,22,5,10,4,0
9,2,1,1,0,2
17,2,6,6,2,1
14,2,6,10,4,0
18,2,5,3,4,0
18,2,1,6,4,1
14,2,1,10,4,0
17,2,6,2,0,2
9,23,5,10,4,0
14,22,5,10,4,0
18,23,8,1,0,0
19,14,6,10,4,0
17,23,6,6,4,0
17,23,4,1,4,2
26,14,1,10,4,1
4,23,1,2,4,1
17,14,5,10,2,2
9,14,10,1,4,1
18,4,2,1,0,3
17,23,10,1,4,2
14,23,6,7,4,0
26,2,1,6,4,0
17,14,6,2,2,3
17,23,6,6,4,0
18,23,10,1,4,1
8,0,8,10,3,3
4,2,5,1,4,2
17,14,1,10,4,0
14,2,1,10,4,0
9,2,1,3,4,0
17,2,6,1,2,0
17,2,5,3,2,1
26,14,6,10,4,0
17,13,1,11,4,0
14,14,5,10,4,0
18,14,4,1,4,0
17,12,5,10,4,0
14,2,1,10,4,0
14,2,6,10,4,0
14,2,1,10,4,0
1,23,5,10,4,0
14,23,6,10,4,0
4,23,1,11,4,1
26,23,6,6,2,1
18,14,5,9,4,0
18,13,6,9,2,0
18,14,1,10,4,1
13,2,5,10,4,0
8,2,6,1,2,2
8,2,5,2,2,0
18,2,6,10,2,1
14,2,6,11,4,0
14,2,1,10,4,0
17,2,5,6,4,0
8,2,1,9,4,0
14,2,1,10,4,0
14,2,6,10,4,0
14,2,5,10,4,0
17,14,1,2,4,0
17,2,6,1,2,2
26,10,3,1,4,2
18,4,10,1,0,1
8,2,3,1,0,3
8,2,5,9,2,0
14,12,5,10,4,0
14,23,5,10,4,0
9,2,5,10,2,0
14,2,6,10,4,0
14,2,5,10,4,0
8,2,1,6,4,1
4,14,6,2,2,0
26,14,10,1,4,1
26,10,1,11,4,0
18,23,5,9,2,0
14,2,1,10,4,0
4,14,2,1,4,0
18,14,3,1,4,0
18,12,1,3,4,0
17,2,6,3,2,2
19,14,1,2,4,0
18,4,3,1,4,2
4,14,5,2,4,0
8,14,5,10,4,0
18,14,6,2,2,0
26,2,6,14,2,1
4,4,5,1,0,3
18,4,10,1,0,1
17,23,6,2,4,2
2,2,5,11,4,0
18,2,6,6,2,0
18,2,4,1,0,3
26,10,5,6,2,0
11,14,5,3,0,2
18,23,1,9,4,0
18,23,1,10,4,1
8,2,4,1,0,0
17,14,3,1,4,2
17,14,10,1,0,3
18,23,8,1,0,0
18,14,4,1,0,0
17,14,2,1,0,0
17,10,6,11,4,0
14,14,5,10,4,0
17,14,4,1,0,0
26,2,8,1,0,2
17,14,1,6,4,1
14,22,6,10,4,0
4,23,5,2,4,0
8,14,1,3,2,2
17,14,10,1,0,0
14,23,5,10,4,0
10,14,1,11,4,3
18,12,5,14,4,0
18,23,1,1,4,1
4,10,5,6,4,0
26,14,2,1,0,0
4,14,1,6,4,0
17,2,1,6,0,0
4,14,4,1,4,2
18,23,5,10,4,1
26,14,1,2,4,0
18,14,5,9,4,0
8,14,8,1,4,0
17,12,1,10,4,0
14,2,1,10,4,0
14,2,5,10,4,0
14,2,1,10,4,0
4,2,1,9,4,0
8,2,5,1,0,0
8,2,6,6,2,0
24,14,6,9,4,0
14,2,5,10,4,0
14,2,1,10,4,0
26,23,5,2,4,1
8,4,1,1,4,0
18,13,5,2,4,0
26,2,6,14,2,3
26,2,6,14,2,3
17,23,1,2,4,3
14,22,5,10,4,0
17,14,5,1,2,1
17,14,6,2,2,3
18,23,1,9,4,0
14,23,6,10,4,0
14,2,8,1,4,0
8,2,6,2,2,1
17,23,2,1,4,0
24,2,6,10,0,1
17,2,1,2,4,1
17,4,1,2,4,3
18,14,6,3,2,0
17,14,10,1,4,1
17,14,3,1,4,3
18,14,5,9,4,0
14,2,1,10,4,0
14,2,5,10,4,0
14,2,5,10,4,0
17,2,6,2,2,0
9,8,5,1,0,1
17,14,1,13,4,0
8,14,5,10,4,0
17,14,6,10,4,0
14,14,8,1,0,0
14,2,6,10,4,0
8,2,10,6,4,2
9,2,5,2,4,0
17,2,8,1,4,3
14,2,1,10,4,0
8,14,2,1,0,3
14,22,5,10,4,0
18,23,1,2,4,2
17,23,8,1,4,0
18,23,6,9,4,0
18,23,5,9,2,3
18,2,3,1,4,0
8,16,5,3,2,0
17,16,3,1,0,2
17,10,1,6,2,1
18,23,6,9,2,0
14,12,6,10,3,0
17,10,5,15,2,2
26,10,5,2,2,1
18,2,1,7,2,1
26,14,4,1,4,0
4,10,1,6,4,0
14,14,1,10,4,0
26,14,5,14,4,1
17,23,5,7,4,2
18,2,1,3,4,0
14,2,6,10,4,0
17,2,6,10,4,0
17,2,10,1,4,1
14,2,1,10,4,0
19,14,5,9,4,1
18,14,6,10,2,0
9,2,1,2,4,1
8,4,2,1,0,3
8,14,5,14,3,0
18,23,6,10,2,2
26,2,6,6,0,0
26,2,4,1,0,0
14,2,6,10,4,0
18,2,1,2,4,0
8,2,1,10,4,1
14,2,6,10,4,0
18,0,8,10,2,2
4,13,6,11,4,0
17,23,1,2,4,3
14,23,6,10,4,0
17,23,5,3,2,1
9,23,1,13,4,3
8,23,6,10,2,3
18,23,5,3,2,3
18,14,6,6,2,3
4,10,2,1,4,0
18,4,4,10,3,3
17,13,5,3,0,1
25,14,6,14,2,0
17,23,1,9,4,1
1,14,1,6,4,0
18,14,6,10,3,1
4,4,5,1,0,3
4,4,5,1,0,3
8,12,6,9,2,2
8,14,5,2,4,0
17,2,1,2,4,1
19,23,1,1,4,3
8,0,8,1,4,3
18,4,1,1,4,3
17,14,6,10,4,0
26,10,5,2,4,2
8,2,1,6,4,1
17,2,6,2,2,2
18,23,8,1,4,1
1,14,1,9,4,1
14,14,6,10,4,0
4,10,4,1,0,0
26,13,5,6,4,1
8,14,6,10,2,2
18,8,4,1,0,3
26,2,6,6,0,1
17,23,6,2,4,2
17,14,5,10,2,2
18,14,1,3,4,0
18,8,4,10,2,3
14,2,6,10,4,0
17,2,10,1,4,3
18,2,6,1,2,0
14,2,6,10,4,0
18,4,10,1,0,1
18,4,10,1,0,1
8,2,5,9,2,1
14,2,1,10,4,0
26,2,1,2,4,0
14,2,1,10,4,1
1,2,1,10,4,0
26,2,4,1,0,0
18,12,6,2,2,1
17,23,3,1,4,2
26,23,1,2,4,0
14,22,1,10,4,0
17,22,5,10,4,0
26,23,6,2,4,0
26,23,5,10,4,0
18,23,5,7,4,0
17,23,5,10,4,1
14,13,8,1,0,0
14,23,1,6,4,0
14,22,5,10,4,0
17,14,5,2,4,0
17,10,5,2,4,0
17,14,1,16,4,0
18,23,5,2,2,1
17,23,1,2,4,3
18,14,4,1,4,0
8,23,5,6,4,3
26,10,1,6,4,0
4,14,8,1,0,0
18,2,10,1,4,1
18,2,5,3,2,0
26,2,1,6,4,0
26,10,5,10,4,1
26,2,1,6,3,0
17,14,5,14,4,0
19,14,1,10,4,0
18,23,1,6,4,1
4,4,5,1,2,3
13,2,5,10,4,0
17,14,5,9,4,1
18,14,5,9,4,1
4,14,4,1,4,0
17,12,5,6,2,1
4,4,5,1,0,0
17,2,10,1,0,1
26,14,5,7,4,0
14,2,5,10,4,0
18,2,5,2,2,0
14,2,1,10,4,0
14,2,1,10,4,0
19,14,2,1,4,0
26,14,1,9,4,0
18,23,1,2,4,3
1,23,1,2,4,0
14,22,5,10,4,0
14,23,11,11,4,0
17,23,1,9,4,0
17,23,5,3,2,1
17,14,1,3,4,0
17,14,5,14,4,0
14,14,8,1,4,0
8,23,5,3,2,0
13,14,5,10,4,0
26,14,1,2,4,1
4,10,1,9,4,1
14,23,1,10,4,0
14,13,2,1,4,0
14,22,5,10,4,0
14,23,1,9,4,0
14,12,1,10,4,0
8,14,1,9,4,0
17,2,1,2,4,2
14,2,8,1,0,0
13,2,5,10,4,0
14,2,1,10,4,0
14,2,5,10,4,0
14,2,1,10,4,0
8,4,5,1,0,3
26,14,1,10,4,0
18,2,10,1,4,3
14,23,1,10,4,0
14,2,5,10,4,0
17,2,1,3,4,0
8,2,2,1,0,3
8,2,5,3,2,0
14,2,1,10,4,0
17,2,5,2,0,1
26,23,1,10,4,0
14,22,1,10,4,0
14,23,1,10,4,0
11,23,5,10,4,1
19,14,5,2,2,3
9,14,5,3,2,0
14,14,5,10,4,0
18,10,5,9,4,1
9,14,1,6,4,0
4,23,5,6,2,2
17,14,10,1,0,1
17,14,1,3,4,0
24,2,3,1,0,0
18,14,8,1,4,0
18,14,8,1,0,2
18,4,10,2,0,1
17,14,5,10,4,2
8,2,2,1,0,0
18,14,5,2,2,0
9,14,1,9,4,0
8,2,5,1,0,2
17,14,1,1,0,2
18,14,6,10,4,0
9,2,8,1,0,1
8,23,4,6,0,0
8,14,1,9,4,0
4,10,5,9,2,1
26,2,5,10,2,0
8,2,1,11,4,0
17,19,4,10,2,0
17,4,4,1,2,3
18,23,6,9,2,0
8,2,6,1,3,2
14,2,5,10,4,0
14,2,6,10,4,0
18,23,1,3,4,0
14,22,5,10,4,0
14,23,5,10,4,0
14,22,6,10,4,0
18,23,6,10,2,3
26,10,6,6,2,3
1,14,6,2,4,0
1,23,10,1,4,0
14,23,1,10,4,0
2,14,6,2,2,0
17,14,5,2,4,0
8,14,10,1,0,0
17,2,6,2,2,0
8,14,10,1,0,1
20,14,5,9,4,1
19,2,6,6,2,0
17,14,6,10,2,1
17,10,4,1,0,3
9,14,4,1,0,2
8,23,6,10,0,1
14,14,5,10,4,0
26,4,2,1,4,3
18,14,1,6,4,1
18,4,10,1,0,3
17,14,5,9,4,0
24,14,6,16,4,0
14,2,3,10,0,0
17,10,2,1,4,0
14,23,5,10,4,0
17,14,5,10,2,1
14,23,5,10,4,0
17,23,6,1,2,0
18,14,6,2,0,3
14,23,5,10,4,0
8,12,6,10,4,0
14,23,5,10,4,0
14,22,6,10,4,0
26,14,10,1,4,0
14,23,5,10,4,0
14,23,6,10,4,0
17,23,6,1,4,0
26,2,3,1,0,2
18,23,8,1,0,0
19,6,2,2,2,3
8,4,2,1,0,0
24,14,5,9,4,1
8,14,5,9,4,0
26,10,5,10,4,1
26,2,5,2,2,1
18,2,3,1,0,2
17,14,5,16,4,2
26,14,6,3,2,0
14,23,6,10,4,0
26,23,5,1,2,1
14,22,5,10,4,0
26,10,5,14,4,0
14,2,6,10,4,0
14,2,6,10,4,0
17,2,6,11,2,2
18,2,2,1,4,3
17,2,8,1,4,0
14,2,11,10,4,0
18,12,6,3,2,0
14,2,5,10,4,0
14,2,6,10,4,0
8,2,10,1,0,1
18,0,3,1,0,3
14,12,6,9,4,0
18,14,9,10,2,3
18,23,6,1,2,0
26,13,6,11,2,0
18,14,10,1,0,0
17,14,5,2,4,0
14,12,6,10,4,0
14,2,5,10,4,0
8,2,6,10,3,0
14,2,1,10,4,1
18,2,5,2,2,0
18,2,4,1,4,1
14,2,5,10,4,0
18,2,6,1,2,3
4,2,3,1,4,0
8,2,6,6,2,0
14,2,9,10,4,0
13,2,5,10,4,0
17,2,6,6,2,0
14,2,5,10,4,0
18,12,5,9,4,1
18,14,10,1,4,1
17,23,10,1,4,2
18,23,6,11,4,0
18,14,6,15,4,0
17,23,5,2,0,0
2,2,5,2,0,2
18,16,6,15,2,1
9,8,4,1,0,1
18,16,5,2,2,1
17,16,3,1,0,3
4,23,5,1,2,3
26,23,5,6,2,1
18,16,5,1,2,3
2,16,5,9,2,0
8,16,5,3,2,0
26,10,6,6,2,0
17,2,6,1,2,3
4,10,4,1,0,2
17,16,4,2,0,1
17,16,10,1,0,2
18,16,6,9,2,0
18,4,2,1,4,0
4,10,10,1,0,0
17,23,5,10,2,0
9,7,10,1,0,3
18,16,2,1,0,3
26,16,3,1,0,0
26,16,5,13,2,0
18,2,3,1,0,3
1,12,6,10,2,0
18,4,10,1,0,3
1,16,4,1,0,0
14,23,5,10,2,0
1,23,6,13,2,0
18,4,10,1,0,3
18,4,10,1,0,3
18,23,6,10,2,3
18,16,5,2,2,0
8,16,6,3,2,0
9,4,4,1,3,1
2,16,2,1,0,0
4,16,3,1,2,0
17,10,1,16,4,1
24,2,4,1,0,0
18,14,5,10,4,0
18,14,1,1,0,2
9,4,4,1,3,3
18,2,10,1,0,3
8,12,4,1,0,0
8,2,3,1,0,0
19,14,5,15,4,3
8,4,10,1,0,3
19,14,5,10,4,0
1,14,6,2,4,0
17,14,6,6,4,0
14,2,6,10,4,0
14,14,8,1,0,0
17,14,1,2,4,1
1,14,5,6,4,0
18,14,6,10,2,3
14,2,6,10,4,0
26,14,5,14,2,3
17,14,5,12,4,2
9,2,4,1,4,0
18,14,6,3,2,0
9,14,5,1,4,3
4,14,5,6,4,0
8,4,5,1,0,1
4,2,2,1,4,0
14,2,1,10,4,1
14,2,6,10,4,0
13,2,5,10,4,0
14,13,5,10,4,0
18,2,1,11,4,1
18,2,1,6,4,2
17,23,6,6,4,0
14,23,1,10,4,0
14,23,6,10,4,0
17,23,6,2,4,0
14,23,5,10,4,0
26,23,5,2,4,1
26,10,3,1,0,2
17,12,1,7,4,0
17,23,2,1,4,0
26,14,5,2,2,0
14,23,1,10,4,0
4,2,6,1,2,1
17,14,1,9,4,0
14,14,6,10,4,0
26,23,5,2,4,1
14,14,1,9,4,0
17,13,5,3,0,2
8,2,1,3,4,0
18,2,1,8,4,3
8,14,2,1,0,0
17,14,8,1,0,2
14,23,5,10,4,0
26,14,5,2,4,1
17,14,1,9,4,0
17,14,8,1,0,0
18,14,1,12,4,0
18,14,5,11,2,0
17,14,5,2,4,0
4,23,5,10,2,2
17,14,4,1,0,2
18,14,1,13,4,2
14,23,5,10,4,0
26,23,8,1,4,3
14,2,5,10,4,0
14,2,1,10,4,0
8,14,5,2,2,0
17,23,5,3,2,2
26,14,3,1,0,0
8,14,1,3,4,0
26,14,8,1,0,0
18,14,5,2,4,0
8,2,5,3,4,0
8,2,6,2,2,2
8,2,8,1,0,0
26,23,5,1,2,0
18,14,4,1,0,2
17,12,5,9,4,0
17,12,6,11,4,0
26,10,4,1,0,2
18,2,5,6,2,0
18,14,5,10,4,1
8,2,5,3,2,3
18,14,5,2,2,3
17,23,6,10,4,0
8,0,8,1,4,3
24,14,6,16,2,0
14,2,6,10,4,0
8,4,2,1,0,3
14,2,6,10,4,0
14,2,5,10,4,0
14,2,6,10,4,0
14,2,1,10,4,0
17,12,6,14,2,0
26,4,10,1,0,3
8,2,6,6,4,0
4,14,5,6,2,0
1,23,5,9,4,0
18,23,5,2,2,2
18,14,6,9,4,0
8,4,4,1,0,3
17,14,8,1,3,3
17,23,5,9,2,0
18,4,5,2,2,3
17,14,9,16,4,0
17,14,6,10,4,0
17,14,5,2,4,0
4,14,5,10,4,0
17,10,1,10,4,2
8,23,6,10,2,3
26,4,6,2,2,1
18,14,5,10,4,0
1,2,8,1,0,1
17,2,8,1,0,0
17,14,1,2,4,0
26,13,6,6,2,1
17,14,1,9,4,1
18,14,5,9,2,0
8,14,6,6,4,0
26,14,1,10,4,0
8,14,1,6,2,0
8,12,6,1,0,2
9,2,6,6,2,2
8,12,1,10,4,1
17,14,5,9,4,0
18,4,10,1,0,1
26,10,1,13,4,1
18,2,1,1,4,3
19,14,1,9,4,0
17,23,1,2,4,1
4,23,6,6,2,0
18,14,5,16,2,3
18,7,10,1,0,3
17,14,5,2,4,0
14,2,1,10,4,0
14,2,5,10,4,0
8,2,5,2,2,0
8,14,5,15,4,0
14,13,1,10,4,0
4,10,10,1,4,0
26,10,3,1,0,0
8,14,6,2,2,0
18,12,5,11,2,0
17,14,1,7,2,0
26,2,1,6,4,3
18,14,8,1,0,0
1,14,1,10,4,0
4,14,5,6,4,3
18,2,1,1,4,3
17,2,3,1,0,2
4,2,6,1,0,2
8,14,9,1,0,1
26,14,5,2,4,1
17,10,5,6,4,0
26,2,5,2,0,0
26,4,5,16,2,3
24,14,1,2,4,0
18,14,1,16,4,1
18,2,6,2,2,0
17,14,2,1,4,0
8,14,2,1,0,3
4,2,1,1,4,3
18,2,5,6,2,0
18,23,6,6,2,2
26,2,3,1,4,3
4,2,1,6,4,3
18,2,1,2,4,1
14,2,1,10,4,0
14,2,6,10,4,0
14,2,6,10,4,0
24,2,5,1,4,1
17,14,1,2,4,2
14,22,1,10,4,0
17,23,1,9,4,0
17,13,6,10,4,0
14,23,1,10,4,0
8,14,1,14,2,0
4,10,1,1,0,2
8,14,4,1,0,0
26,14,6,2,2,0
17,2,6,6,2,1
18,2,6,9,2,2
17,14,10,1,0,2
4,2,1,6,4,0
17,13,1,10,4,2
1,10,4,1,0,0
26,2,10,1,0,2
26,23,6,10,2,2
8,0,8,10,3,3
14,23,8,1,4,0
26,14,5,10,4,1
9,7,10,1,0,1
14,23,1,3,2,0
17,16,6,9,2,0
26,10,8,1,0,2
4,16,6,16,2,3
17,10,6,7,4,0
17,14,2,1,0,0
18,12,1,13,4,2
17,2,2,1,0,0
26,2,6,10,2,2
26,2,1,6,4,3
11,2,8,1,3,0
13,2,5,10,4,0
8,2,1,3,4,0
14,14,6,10,4,0
9,14,4,1,0,3
14,2,1,10,4,0
14,2,4,10,4,0
14,2,6,10,4,0
14,2,6,10,4,0
17,23,2,3,0,0
14,23,6,10,4,0
26,14,5,9,4,0
1,14,5,2,2,1
17,14,1,3,4,2
18,12,6,11,4,0
26,10,3,1,4,2
14,14,0,1,4,0
26,10,5,3,2,1
17,16,9,2,2,3
14,2,1,10,4,0
14,2,6,10,4,0
14,2,5,10,4,0
14,2,5,10,4,0
17,2,1,10,4,0
9,2,10,1,4,1
14,2,6,10,4,0
26,23,5,6,2,0
17,14,5,6,2,0
18,12,5,10,2,0
4,12,5,6,2,0
17,23,6,2,2,2
8,23,1,2,2,0
18,16,6,6,2,2
8,16,4,1,0,0
2,23,8,1,0,0
14,14,6,10,3,0
26,10,10,6,0,1
8,16,9,9,2,3
17,10,3,1,2,0
18,23,5,13,2,3
18,16,6,3,2,2
26,10,3,1,0,2
26,10,1,1,0,1
18,16,4,1,2,0
17,16,5,0,2,0
14,10,8,1,0,0
18,16,6,2,2,1
17,16,6,14,2,2
14,22,1,10,2,0
5,16,5,2,2,0
1,16,1,10,0,0
18,16,6,0,2,0
17,16,5,1,2,2
18,2,1,2,4,2
17,14,1,6,4,0
14,2,6,10,4,0
14,2,1,10,4,0
14,2,6,10,4,0
18,14,4,1,4,0
14,2,6,10,4,0
18,2,3,1,4,3
26,23,6,6,2,1
14,23,5,10,4,0
18,14,5,7,2,3
20,23,1,8,4,3
8,23,5,3,4,3
17,23,10,1,0,2
17,14,8,1,0,0
2,14,5,10,4,0
26,14,5,14,2,3
17,14,6,11,0,2
14,22,5,10,4,0
14,13,1,3,4,0
17,14,5,10,4,1
14,23,6,6,4,0
26,14,5,6,4,0
1,14,1,3,4,0
17,0,5,1,0,1
17,0,3,1,0,2
8,4,10,1,0,3
8,2,4,1,0,3
9,4,2,1,3,3
8,4,2,1,0,3
26,14,5,2,2,1
18,12,1,6,4,3
26,14,5,10,4,0
14,2,6,10,4,0
17,2,5,1,4,1
18,2,6,10,2,3
17,4,1,2,4,3
14,2,5,10,4,0
4,2,5,10,4,0
14,2,6,10,4,0
8,14,5,10,4,0
14,23,6,10,4,0
8,2,6,6,2,3
17,23,1,9,4,1
26,2,1,6,4,3
26,10,2,1,0,0
26,4,4,1,0,3
26,14,10,1,0,2
17,23,6,6,2,3
26,23,10,1,4,0
18,14,2,3,4,0
17,2,1,3,4,1
17,14,1,2,4,1
18,14,4,1,0,3
18,4,10,1,0,3
18,4,10,1,0,3
17,2,1,2,4,1
17,10,1,13,4,3
18,10,10,1,4,1
26,14,6,11,4,0
17,2,1,2,4,3
17,14,5,3,4,1
9,23,5,10,4,1
18,14,4,1,0,0
19,2,5,2,2,1
14,2,5,10,4,0
19,2,6,1,2,3
17,14,5,1,0,0
17,2,1,6,4,1
14,2,6,10,4,0
14,2,5,10,4,0
14,2,1,10,4,0
14,2,5,10,4,0
14,22,6,10,4,0
26,23,5,10,4,0
17,10,1,3,2,0
8,14,6,6,4,3
8,14,1,1,4,2
14,22,2,10,4,0
14,14,1,10,4,1
11,23,5,2,4,0
26,4,5,14,2,1
26,14,8,1,0,0
26,14,6,7,2,0
18,2,6,3,2,3
17,4,5,9,2,3
17,23,8,1,4,2
17,23,1,9,4,0
18,14,1,10,4,0
26,4,5,1,0,3
18,14,3,1,0,3
17,19,4,1,0,2
14,23,5,11,4,0
26,14,1,6,4,0
9,2,5,9,2,0
26,2,8,1,0,2
25,2,1,6,4,0
18,14,6,16,2,1
14,23,6,3,4,0
14,2,6,10,4,0
18,2,1,9,4,0
14,2,6,10,4,0
14,2,5,10,4,0
17,2,3,1,4,2
14,2,6,10,4,0
4,4,5,1,2,3
17,14,10,1,0,2
18,0,3,1,0,3
8,2,1,9,4,0
14,2,6,10,4,0
14,2,5,10,4,0
14,2,5,10,4,0
18,13,5,10,4,0
14,14,8,1,0,0
8,23,4,1,4,0
26,14,1,9,4,3
18,14,5,10,4,1
14,23,1,10,4,0
18,14,6,11,4,0
26,14,5,6,4,0
8,23,5,9,4,0
1,23,6,6,4,0
8,2,6,10,2,3
8,14,1,2,4,3
17,14,6,9,4,0
8,2,5,9,2,0
17,14,10,1,0,1
18,14,4,1,0,0
18,7,2,1,0,3
26,14,5,14,2,3
18,14,1,6,4,1
18,4,10,1,0,1
17,14,6,10,4,0
17,14,5,3,4,0
14,2,5,10,4,0
9,14,6,10,3,0
8,14,1,16,3,0
14,2,2,10,4,0
14,2,2,10,4,0
14,2,1,10,4,0
26,2,4,10,4,0
14,2,4,10,4,0
14,2,6,10,4,0
14,2,6,10,4,0
14,2,6,10,4,0
14,2,6,10,4,0
14,2,8,1,4,0
14,2,1,10,4,0
18,2,5,10,4,0
14,2,1,10,4,0
26,14,1,2,4,0
18,23,10,1,4,1
26,23,3,1,4,0
26,23,6,10,0,3
8,23,5,10,4,1
26,23,1,10,4,0
8,2,5,6,2,2
17,12,8,1,0,0
26,2,2,1,0,0
18,2,1,2,4,0
26,23,1,7,4,0
14,14,6,2,4,0
26,14,2,1,0,0
18,2,10,1,0,3
17,14,5,2,2,0
26,23,1,6,4,0
8,14,1,10,4,2
17,2,6,2,0,0
26,14,3,1,0,2
17,2,1,11,4,2
17,14,4,1,0,2
17,10,6,12,4,1
17,14,3,1,0,2
17,2,5,6,4,0
17,14,1,6,4,0
8,2,6,10,2,0
18,4,10,1,0,3
18,14,4,1,0,2
7,14,3,1,0,2
17,14,6,2,4,2
18,23,1,3,4,1
5,23,4,1,4,0
14,2,1,10,4,0
14,2,6,0,4,0
14,2,1,10,4,0
14,2,6,10,4,0
4,14,2,1,0,0
1,12,1,6,4,0
14,2,6,10,4,0
8,2,8,1,0,0
9,2,10,1,0,1
14,22,9,10,4,0
18,23,6,10,4,3
17,23,6,10,2,1
17,23,1,1,0,2
14,14,1,2,4,0
18,14,3,1,4,2
17,23,5,2,2,1
18,14,1,16,2,0
17,2,5,2,2,1
17,23,1,6,4,2
8,2,4,1,0,3
14,14,1,10,4,0
14,2,6,10,4,0
14,2,1,10,4,0
14,2,5,10,4,0
14,2,6,10,4,0
8,2,1,2,4,1
14,2,6,10,4,0
14,2,6,10,4,0
14,2,5,10,4,0
18,1,1,9,4,0
10,2,10,1,0,1
4,14,6,10,2,0
17,10,5,2,2,0
17,10,5,10,2,0
8,14,1,11,2,2
14,1,6,10,4,0
18,7,10,1,0,1
1,14,10,1,4,1
17,10,6,3,4,0
17,14,5,9,2,3
17,23,5,10,2,3
4,14,6,9,4,0
8,14,1,11,4,0
8,14,2,1,0,3
8,4,4,1,0,3
8,2,6,10,1,0
8,12,5,1,2,2
8,23,1,3,4,3
18,14,1,10,4,1
26,14,5,6,4,0
17,14,3,1,0,3
14,2,5,10,4,0
18,2,1,3,4,1
8,2,5,10,4,0
14,2,6,10,4,0
18,2,5,10,4,0
14,2,6,10,4,0
17,2,1,11,4,3
14,2,5,10,4,0
9,2,5,3,4,0
14,2,1,10,4,1
18,2,6,1,2,0
1,23,6,6,4,0
18,23,1,9,4,3
17,23,6,13,2,0
14,23,1,11,2,0
17,14,1,10,2,0
26,23,5,10,4,1
18,4,1,2,4,3
18,14,5,3,4,0
14,23,6,10,4,0
18,4,1,2,4,3
4,14,6,10,4,0
8,14,5,16,2,0
17,23,5,10,4,1
4,23,10,1,0,0
17,14,3,1,0,2
8,14,6,9,2,0
8,2,4,1,0,3
18,2,5,3,2,0
9,14,5,2,4,0
9,2,6,3,2,0
18,2,5,3,2,0
17,2,4,1,0,3
26,2,6,10,2,0
14,2,6,10,4,0
14,2,5,10,4,0
14,2,6,10,4,0
14,2,5,10,4,0
8,2,5,6,2,1
4,4,5,1,4,3
18,14,8,1,0,1
18,2,4,1,0,3
26,7,5,1,2,1
14,2,6,10,4,0
14,2,6,10,4,0
18,14,6,3,4,0
14,2,5,10,4,0
14,2,5,10,4,0
14,2,6,10,4,0
4,4,5,1,4,3
1,14,5,6,2,0
14,23,6,10,4,0
14,23,6,10,4,0
8,23,5,6,2,0
4,10,10,6,4,1
4,14,1,6,2,1
26,14,5,2,4,3
18,12,5,3,4,0
8,23,4,1,4,3
8,4,7,1,3,3
9,2,1,2,4,1
13,14,5,10,4,0
18,2,10,1,0,1
18,2,7,1,0,0
4,2,5,1,2,0
8,14,1,3,2,0
18,14,1,1,4,2
17,14,8,1,0,2
4,14,3,1,0,0
18,2,6,6,4,0
18,23,7,1,0,3
17,2,5,2,2,0
17,2,1,2,4,3
26,10,10,1,0,2
17,14,10,1,0,1
17,2,6,2,2,1
14,2,6,10,4,0
14,2,1,10,4,0
14,2,1,10,4,0
14,2,5,10,4,0
18,23,4,1,4,3
8,14,4,1,0,0
17,23,2,1,0,3
18,2,1,1,4,3
8,2,6,3,2,0
13,2,5,10,4,0
18,14,9,1,0,3
17,2,5,9,4,0
5,2,6,10,2,0
26,2,7,1,4,2
14,2,6,10,4,0
17,14,8,1,2,3
19,23,4,1,4,0
18,23,1,10,4,0
8,23,8,1,0,1
18,14,1,2,4,2
17,23,4,1,0,2
4,14,4,1,0,0
17,14,2,1,0,0
24,14,4,1,0,2
26,14,2,1,0,0
8,14,1,3,4,0
17,14,6,6,2,0
18,2,3,1,0,2
24,7,2,2,0,3
17,2,10,1,0,1
18,23,8,1,0,3
17,14,1,10,4,1
18,2,4,1,0,2
18,14,6,2,4,0
26,23,2,1,4,0
18,14,1,13,2,0
18,14,5,2,4,0
17,10,4,1,0,0
26,23,6,6,4,0
14,2,1,10,4,0
14,2,6,10,4,0
26,2,5,10,4,0
4,2,1,6,4,0
14,2,5,10,4,0
14,2,6,10,4,0
14,2,1,10,4,0
14,2,5,10,4,0
18,2,1,2,4,3
14,2,6,10,4,0
26,2,6,9,2,0
13,2,5,10,4,0
26,2,5,1,0,1
14,2,6,10,4,0
14,2,5,10,4,0
17,2,5,2,4,0
14,2,6,10,4,0
17,2,6,10,4,0
18,12,1,2,2,2
26,14,1,9,4,0
18,14,6,14,2,3
14,14,5,15,4,0
18,14,6,10,2,1
26,2,1,6,4,0
4,4,5,1,4,3
8,14,5,11,4,2
17,14,8,1,0,2
17,14,1,2,4,3
26,2,6,2,0,0
26,14,5,1,2,3
4,14,8,1,0,2
2,14,5,15,2,0
14,2,4,1,0,0
4,14,6,10,4,0
8,2,3,1,0,3
4,6,1,2,2,0
17,13,1,3,4,0
14,2,5,10,4,0
26,2,6,10,2,2
13,2,5,10,4,0
14,2,5,10,4,0
14,2,6,10,4,0
14,2,1,10,4,0
26,2,5,3,4,2
26,2,5,11,4,3
14,2,6,10,4,0
13,2,5,10,4,0
13,2,5,10,4,0
14,2,6,10,4,0
26,2,6,3,4,0
14,2,5,10,4,0
14,2,6,10,4,0
14,2,1,10,4,0
4,10,5,1,4,2
18,10,1,9,4,2
8,14,5,3,4,0
26,23,1,10,4,0
26,10,1,2,4,0
18,2,1,2,4,3
26,2,6,10,4,0
17,14,5,6,4,0
18,2,10,1,0,1
18,14,4,1,0,0
4,4,5,1,4,3
4,4,5,16,2,0
26,2,10,1,0,0
8,2,5,6,2,3
8,2,1,2,4,0
14,2,5,10,4,0
19,2,6,10,2,3
18,2,1,9,4,1
13,2,5,10,4,0
14,2,6,10,4,0
14,2,5,10,4,0
26,2,1,3,4,0
14,2,6,10,4,0
17,23,10,1,2,1
8,2,3,1,0,0
4,2,8,1,0,1
26,23,1,2,4,1
17,23,3,1,4,0
18,23,1,2,4,3
14,14,5,2,4,0
17,23,1,6,4,3
26,23,6,2,4,2
8,23,5,10,4,0
26,23,8,1,0,2
26,23,2,1,0,3
19,23,10,1,4,2
17,10,6,7,2,0
17,10,10,1,0,0
8,14,1,9,2,0
26,14,4,1,0,0
26,2,4,1,0,3
9,14,2,1,0,0
18,14,3,1,0,0
18,23,6,9,4,0
14,2,1,10,4,0
14,2,6,10,4,0
14,2,5,10,4,0
8,12,6,7,4,0
8,23,6,10,4,0
26,14,1,10,4,0
18,14,5,3,4,0
26,2,4,1,0,3
26,23,6,10,4,0
8,2,1,1,0,0
18,23,5,11,4,0
26,16,1,6,2,0
26,21,6,2,2,3
26,16,6,6,2,0
8,16,1,2,0,0
4,10,8,1,0,3
18,23,10,1,2,1
8,16,1,15,2,0
24,4,10,1,0,0
18,16,5,10,2,3
4,23,7,6,0,0
18,7,2,1,0,3
18,2,1,6,2,0
17,2,5,2,2,1
8,14,1,6,4,0
26,2,1,3,2,2
20,14,6,3,4,1
26,10,4,1,0,0
26,23,1,10,4,0
8,4,4,1,0,3
14,2,6,10,4,0
14,2,5,10,4,0
14,2,6,10,4,0
14,2,6,10,4,0
14,14,1,10,4,0
26,2,3,1,0,2
26,14,6,10,4,0
26,2,5,1,2,3
26,2,10,3,0,1
26,14,1,10,4,0
26,14,6,2,2,0
4,14,1,3,4,2
8,13,1,13,2,0
8,12,1,12,2,0
17,23,6,2,2,1
17,23,6,11,2,0
17,23,6,2,4,0
8,23,6,2,4,3
14,23,6,10,0,0
17,23,1,2,4,0
15,23,0,1,0,0
14,22,5,10,4,0
18,14,8,1,0,3
8,14,5,16,2,0
8,16,5,9,2,0
14,23,1,10,2,0
14,2,5,10,4,0
17,2,1,3,4,1
26,2,5,2,2,3
26,23,4,1,2,3
19,4,2,1,4,3
14,10,5,3,2,0
14,16,0,10,3,0
18,2,5,6,2,0
1,23,4,1,0,0
17,10,2,1,0,0
8,2,6,1,2,0
26,16,4,1,0,0
26,2,1,2,4,3
8,2,1,2,4,2
14,2,5,10,4,0
14,2,6,10,4,0
13,2,5,10,4,0
21,2,6,10,4,2
13,2,5,10,4,0
14,2,1,10,4,2
14,2,6,10,4,0
14,2,5,10,4,0
21,2,6,10,4,0
14,2,5,10,4,0
14,2,5,10,4,0
8,16,5,3,2,1
17,10,6,3,2,2
4,16,1,11,2,2
17,16,5,15,2,0
14,2,6,10,4,0
8,2,5,2,4,0
14,2,5,10,4,0
18,2,5,10,4,2
14,2,6,10,4,0
14,2,8,1,0,2
17,2,5,9,4,1
4,10,7,1,0,2
17,10,6,3,2,0
25,2,6,3,2,1
18,2,5,15,2,0
19,16,5,0,2,3
18,16,5,2,2,1
14,2,5,10,4,0
14,2,6,10,4,0
18,2,5,1,4,0
14,2,5,10,4,0
14,2,1,10,4,0
19,7,2,1,3,3
8,16,1,9,2,0
17,4,4,2,0,2
4,16,6,6,2,0
26,10,7,6,0,0
1,2,3,1,0,0
9,14,5,3,2,2
8,14,5,2,4,0
19,14,6,10,4,0
17,13,1,10,4,0
8,12,6,3,4,0
26,2,5,10,2,1
17,14,5,2,4,0
18,2,1,2,2,0
8,12,5,9,4,0
17,16,8,1,0,0
26,23,8,1,0,0
18,23,6,3,4,0
14,23,5,10,4,0
8,2,10,1,0,1
26,14,5,2,2,0
14,14,6,14,2,0
17,2,10,1,0,0
26,2,10,1,0,0
17,23,5,3,4,0
17,14,6,14,4,1
14,14,1,2,4,0
17,14,4,12,2,3
26,10,10,1,0,2
8,23,5,2,4,1
18,23,4,1,4,0
4,2,5,2,2,0
26,23,4,1,0,3
18,14,5,7,4,1
26,10,8,1,0,0
14,12,5,10,4,0
4,10,7,1,0,0
14,14,1,11,4,0
9,8,8,1,0,1
18,2,3,3,2,3
18,23,5,9,4,0
19,7,4,3,3,3
4,7,3,1,0,3
8,2,2,1,0,3
4,2,4,1,0,0
18,2,3,1,0,2
26,14,7,1,0,3
14,2,5,10,4,0
14,2,5,10,4,0
8,2,6,2,0,0
14,2,5,10,4,0
17,12,5,2,4,0
26,14,5,6,4,0
14,23,1,2,4,0
17,2,4,1,0,2
14,2,1,10,4,0
14,14,8,1,0,0
26,23,1,6,4,0
14,22,5,10,4,0
1,23,1,10,4,0
1,23,5,13,4,0
17,14,5,16,2,0
10,14,1,10,2,0
8,14,10,1,0,1
26,23,1,2,4,0
17,23,8,1,0,2
8,4,1,1,4,3
18,4,10,1,0,1
4,14,4,1,0,0
17,2,1,2,4,3
4,10,5,10,4,0
8,4,7,3,3,3
17,14,8,1,0,0
4,14,7,1,0,0
26,10,1,9,2,0
14,12,8,1,0,0
8,14,4,1,0,0
8,12,1,6,2,0
14,12,1,10,4,0
9,4,7,3,3,3
8,7,10,1,0,1
18,14,8,1,0,3
8,9,3,1,0,0
4,9,4,1,0,0
18,23,10,1,4,3
18,2,5,6,2,3
17,12,7,1,0,3
4,2,1,9,4,0
14,2,1,10,4,0
17,2,1,3,4,2
14,2,5,10,4,0
14,2,6,10,4,0
14,2,1,10,4,0
14,2,5,10,4,0
18,2,1,10,4,1
14,2,1,10,4,0
8,14,5,9,2,0
17,23,5,2,2,1
8,16,8,1,0,3
26,14,6,9,2,0
14,23,6,10,4,0
8,23,5,9,2,0
8,23,10,1,4,3
18,23,2,1,0,3
11,23,8,1,4,2
2,14,5,9,4,0
17,14,6,16,2,0
17,14,1,1,2,0
26,10,1,6,2,0
18,12,1,6,2,0
14,23,6,10,4,0
9,16,1,3,2,0
4,2,1,11,4,0
8,2,1,2,4,2
18,23,6,3,4,0
17,0,3,1,0,3
4,2,1,11,4,1
8,4,7,3,3,3
4,9,7,1,0,2
17,10,7,1,0,2
14,2,6,10,4,0
14,2,1,10,4,0
17,14,1,2,4,3
26,2,1,9,4,0
14,2,6,10,4,0
14,2,6,10,4,0
13,2,5,10,4,0
14,2,6,10,4,0
13,2,5,10,4,0
14,2,1,10,4,0
26,2,4,1,0,1
26,14,6,10,4,0
17,23,5,2,4,0
14,12,1,11,4,0
4,2,1,7,4,3
26,23,5,16,2,1
18,2,3,1,0,3
17,23,5,2,2,3
18,23,1,9,2,1
18,14,4,9,0,2
8,2,8,1,0,3
14,2,6,10,4,0
14,2,6,10,4,0
4,2,6,1,4,0
14,2,6,10,4,0
14,2,6,1,4,0
8,2,1,2,4,0
14,2,6,10,4,0
14,2,6,10,4,0
8,2,1,1,4,3
1,14,8,1,0,0
17,2,8,1,0,2
17,14,1,2,2,2
19,14,6,10,2,0
18,2,3,1,0,2
18,14,10,1,0,0
4,23,5,10,4,0
8,23,6,10,4,0
26,23,1,9,4,0
10,14,6,15,0,0
26,23,6,10,4,3
17,14,8,1,0,0
17,14,4,1,0,3
17,13,1,1,4,0
8,14,7,1,0,3
26,2,1,6,4,0
26,14,1,6,4,0
8,2,1,2,4,2
17,2,1,1,4,1
17,14,1,2,4,2
4,11,5,6,4,0
4,8,1,2,4,3
4,9,8,1,0,0
4,9,3,6,0,0
18,9,10,1,0,1
26,9,7,1,0,2
26,2,5,1,0,0
14,14,1,3,4,0
18,2,1,2,0,2
14,14,1,10,0,0
26,14,6,14,2,3
8,23,1,1,0,2
26,14,1,6,4,1
8,2,5,6,2,0
17,2,7,1,0,0
26,2,5,1,2,0
14,23,6,10,4,0
26,2,6,6,4,3
26,10,6,2,2,0
4,2,5,14,2,3
14,2,6,10,4,0
19,14,5,1,0,2
14,2,1,10,4,0
14,2,1,10,4,0
8,2,7,1,0,0
14,2,1,10,4,0
14,2,5,10,4,0
14,2,1,10,4,0
14,2,1,10,4,0
14,2,6,10,4,0
8,12,6,9,1,3
4,23,5,1,4,3
8,23,10,9,0,2
4,23,10,1,4,0
17,23,5,11,2,1
17,4,5,2,2,0
18,2,1,2,4,2
18,4,2,1,4,0
8,16,5,13,2,0
18,2,8,1,0,0
8,23,1,1,0,1
8,8,7,1,0,2
18,2,5,6,0,1
17,23,7,1,0,3
8,14,6,6,4,0
8,14,6,3,2,3
26,2,5,2,2,0
18,16,1,6,2,3
17,2,8,1,0,0
17,2,3,1,0,0
26,2,1,9,2,2
14,2,5,10,4,0
26,2,6,10,2,0
17,2,5,11,4,3
17,2,1,6,4,0
26,2,4,1,0,1
26,2,3,1,0,2
4,2,8,1,0,0
18,2,5,2,2,1
18,2,5,2,2,0
17,2,5,15,1,1
9,8,6,10,2,3
14,23,1,10,4,0
17,14,5,13,2,1
17,12,5,3,2,2
14,14,6,2,4,0
9,14,3,1,0,0
17,23,6,9,2,0
14,2,1,10,4,0
1,2,2,1,0,0
14,2,5,10,4,0
8,2,5,9,2,0
14,2,6,10,4,0
17,14,1,2,2,2
17,2,1,1,4,2
18,2,7,1,0,3
8,2,5,15,4,0
14,2,6,10,4,0
18,23,5,1,4,3
17,14,6,10,2,0
8,23,10,1,0,1
17,23,1,6,4,0
17,14,10,1,0,0
14,22,1,10,4,0
14,22,1,10,4,0
14,22,5,10,4,0
26,23,6,10,2,0
17,23,5,9,2,0
17,23,6,2,4,0
14,22,1,10,4,0
14,23,5,10,4,0
9,14,5,11,4,1
17,23,6,3,4,3
14,22,6,10,0,0
14,14,9,1,0,0
14,12,1,3,4,0
17,14,5,2,4,3
26,23,5,2,4,3
26,23,2,1,0,3
8,14,5,10,2,0
26,23,5,10,4,2
26,10,1,2,4,0
17,23,6,10,4,0
17,14,2,1,0,0
26,14,10,1,0,1
17,2,1,2,2,2
8,2,4,1,0,1
14,12,5,11,2,0
17,23,5,3,2,0
17,10,1,6,2,2
17,12,7,1,0,3
18,14,8,1,0,0
18,2,6,15,0,3
17,14,4,1,0,0
26,4,5,10,2,3
26,23,6,9,0,3
20,14,5,9,2,2
26,4,5,10,2,3
24,14,1,10,2,0
14,2,1,10,4,0
17,2,1,2,4,0
8,9,4,1,0,0
1,14,6,10,2,0
14,2,6,10,4,0
1,2,4,1,4,2
14,2,5,10,4,0
26,2,6,6,2,0
14,2,1,10,4,0
14,2,5,10,4,0
14,2,1,10,4,0
4,23,8,1,0,0
18,14,5,9,2,0
18,14,5,6,2,3
17,12,8,1,0,2
4,12,2,1,0,3
18,23,1,6,2,3
18,12,1,10,2,3
4,14,6,6,2,2
9,14,1,6,2,0
14,12,5,10,0,0
4,9,4,1,0,0
17,12,10,1,0,1
8,9,10,1,0,0
20,12,1,9,0,2
17,2,8,1,0,0
26,14,6,11,2,2
16,23,3,1,0,0
26,23,1,1,0,0
18,2,1,10,4,0
14,12,6,3,0,0
18,23,5,14,2,0
9,14,5,2,0,3
17,14,4,1,0,0
17,2,6,2,2,0
11,2,1,6,0,0
26,2,6,2,2,0
8,2,5,10,4,0
14,2,1,10,4,0
14,2,1,10,4,0
16,23,1,2,4,0
17,14,10,1,0,0
26,2,1,1,0,2
14,23,5,10,0,0
8,2,1,6,0,0
17,12,5,10,2,0
4,15,1,3,2,0
8,2,6,2,2,1
14,2,5,10,4,0
14,2,1,10,4,0
14,2,1,10,4,0
14,2,5,10,4,0
14,2,1,10,4,0
8,2,5,6,4,0
12,14,1,7,0,0
8,2,6,11,0,0
4,14,2,1,0,0
8,2,6,2,3,3
14,23,1,3,0,0
18,23,6,12,0,3
26,23,8,1,0,0
17,23,6,9,0,1
1,14,9,1,0,0
26,2,1,2,2,1
16,23,6,13,2,0
1,14,5,6,0,1
18,2,1,2,4,3
8,23,1,11,2,0
21,14,5,10,0,0
4,2,6,2,4,1
9,14,5,9,2,0
17,2,6,14,2,0
17,12,6,10,2,0
18,20,10,1,0,1
18,16,3,1,0,3
8,2,5,6,0,0
17,2,6,1,4,0
17,12,6,5,2,0
8,2,6,2,2,1
9,4,7,3,3,0
18,14,5,6,0,3
17,14,10,1,0,0
17,2,8,1,0,3
18,2,6,2,2,0
17,14,6,2,2,0
8,14,5,12,0,0
18,14,4,1,0,3
26,14,6,16,2,3
17,2,1,6,0,0
22,2,1,3,3,0
13,2,6,3,4,0
27,2,5,11,3,0
17,2,6,9,2,0
18,2,1,3,4,0
8,0,3,1,3,3
20,2,5,8,2,1
8,2,5,11,4,3
17,2,5,10,4,0
17,23,1,2,0,3
19,23,5,1,0,0
14,23,5,10,0,0
14,23,5,10,0,0
8,20,10,1,0,1
8,20,10,2,0,3
17,14,8,1,0,3
18,14,4,1,0,0
8,20,10,2,0,3
8,20,10,2,0,3
8,20,10,2,0,3
8,20,10,2,0,3
8,14,6,3,0,0
8,0,8,2,4,3
8,23,6,10,0,0
8,2,1,2,4,2
8,14,2,1,0,0
8,4,5,2,2,2
17,2,5,6,0,0
17,23,1,1,0,2
18,14,4,1,0,0
8,14,5,9,0,0
26,14,6,2,0,0
17,2,10,2,4,1
14,2,6,3,3,0
14,2,5,10,4,0
4,2,7,1,0,0
18,14,1,10,0,0
8,2,3,1,0,0
4,2,8,1,0,2
9,2,1,6,2,0
8,2,5,2,2,0
4,14,6,2,2,0
4,4,1,1,4,3
4,4,1,1,4,3
26,14,5,2,0,0
17,14,5,6,0,1
4,14,1,6,0,0
8,2,5,9,4,0
26,9,4,1,0,0
8,20,10,1,0,1
17,2,1,13,4,2
7,14,6,10,0,0
18,14,6,11,0,0
17,2,6,2,2,0
8,12,5,3,0,0
17,12,5,10,0,0
8,20,10,1,0,3
14,2,6,10,4,0
13,2,5,3,4,0
14,2,1,10,4,0
13,2,1,10,4,0
17,23,10,1,0,2
14,23,5,10,0,0
8,23,6,1,2,0
8,12,10,1,0,0
18,12,7,1,0,0
17,23,1,1,0,3
17,14,3,1,0,2
17,14,5,9,0,1
26,14,3,1,0,2
18,12,4,6,0,2
8,14,8,1,0,0
14,23,3,10,0,0
17,2,1,1,0,2
23,23,1,9,0,0
26,7,8,1,0,1
17,23,8,1,0,3
8,16,5,4,2,1
6,16,0,1,3,0
17,16,5,3,2,1
17,16,5,9,2,2
17,23,1,6,0,1
18,23,1,13,0,3
18,20,10,1,0,1
9,23,1,3,0,1
18,0,8,1,0,3
18,2,10,1,0,0
17,2,7,1,0,0
17,23,3,1,0,0
14,23,2,1,0,0
26,2,5,2,2,2
14,2,4,10,4,0
18,2,10,1,4,1
17,2,10,2,4,1
4,2,8,1,0,0
17,12,5,10,0,2
17,2,4,1,0,0
18,2,2,2,2,0
18,23,8,1,0,2
4,7,5,2,2,1
8,23,6,11,0,0
17,2,3,3,2,2
17,2,4,2,4,0
8,2,8,1,4,0
8,2,8,10,2,2
18,2,4,9,0,0
14,2,1,10,3,0
14,23,6,10,0,0
14,23,1,10,0,0
14,23,6,10,0,0
14,23,1,10,0,0
14,23,5,10,0,0
14,23,1,10,0,0
14,23,6,10,0,0
14,23,1,10,0,0
17,23,1,10,0,0
14,23,1,10,0,0
14,23,6,10,0,0
14,23,5,10,0,0
14,23,1,10,0,0
26,14,6,10,2,0
14,23,5,10,0,0
8,14,5,3,0,0
14,23,6,10,2,0
8,2,7,6,0,3
18,16,4,1,0,0
17,14,10,1,0,0
17,2,5,10,0,1
18,23,7,1,0,2
17,14,5,10,2,1
14,23,1,10,0,0
17,14,3,1,0,0
17,14,5,6,0,1
26,9,6,1,0,0
18,9,10,1,0,3
17,10,1,6,0,0
17,2,3,2,0,0
17,23,3,1,0,2
17,14,1,6,0,2
26,17,6,1,0,0
9,14,4,1,0,0
14,23,8,10,0,0
8,14,2,10,0,0
17,2,4,2,0,0
18,2,10,1,0,1
4,2,5,1,4,0
8,2,6,1,4,2
14,2,7,10,4,0
17,12,1,10,0,0
14,2,7,10,4,0
14,2,4,10,4,0
14,2,3,1,4,0
14,2,1,10,4,0
8,2,7,1,4,2
4,2,8,1,0,0
17,10,5,10,0,1
8,23,6,10,0,0
14,23,1,10,0,0
17,14,5,10,0,1
17,23,1,2,0,0
14,23,1,10,0,0
14,23,3,10,0,0
14,12,5,10,0,0
14,14,5,15,0,0
1,12,5,10,0,0
17,14,5,10,0,0
17,14,1,10,0,2
17,14,5,10,0,1
17,23,4,10,2,1
26,10,8,1,0,2
17,23,1,3,0,2
17,12,1,10,0,2
14,2,5,10,4,0
14,14,5,10,0,0
17,23,8,1,0,2
17,10,1,3,2,0
17,2,3,9,0,2
8,14,5,10,0,0
14,14,5,10,0,0
17,2,1,1,4,0
4,10,5,2,0,0
14,12,1,10,0,0
4,2,2,1,0,0
14,23,1,11,0,0
14,14,1,10,0,0
24,7,4,2,0,3
26,2,6,1,4,3
8,14,5,6,0,2
4,2,1,10,4,3
8,14,1,6,0,0
14,14,1,10,0,0
8,14,6,11,0,0
17,12,1,10,0,0
8,2,10,2,4,3
14,2,2,10,4,0
26,2,4,2,0,0
17,23,4,1,0,2
8,23,8,1,0,0
8,14,8,10,0,0
26,14,6,2,2,0
17,14,3,10,0,0
8,14,8,10,2,0
18,23,2,2,0,0
14,2,4,10,4,0
24,2,1,2,4,2
4,2,3,1,4,3
14,2,2,10,4,0
18,14,10,3,0,2
17,4,4,10,2,1
18,20,10,1,0,1
18,20,10,1,0,3
24,20,10,1,0,1
19,8,10,1,0,2
17,12,4,1,0,0
8,14,2,6,0,3
17,23,3,1,0,0
8,14,8,1,0,0
14,23,1,10,0,0
18,12,8,3,0,2
17,23,4,1,0,0
18,2,10,9,0,1
8,23,8,10,0,0
4,14,1,1,0,3
8,2,8,2,2,0
17,12,3,1,0,0
8,2,8,1,4,3
17,8,3,3,0,0
8,2,8,3,0,2
18,2,2,3,2,0
18,14,2,1,0,3
14,12,2,10,0,0
8,14,8,2,0,0
14,2,1,10,4,0
17,2,3,2,4,0
14,2,1,10,4,0
14,2,10,3,4,0
14,2,3,10,4,0
26,23,6,2,0,0
17,14,3,1,0,2
17,12,4,10,0,0
17,23,4,1,0,0
17,23,4,10,0,3
14,22,8,10,0,0
2,23,8,6,0,0
17,14,3,6,0,0
17,23,4,1,0,0
8,23,2,6,0,0
18,23,1,10,0,0
18,12,10,3,0,0
17,14,3,1,0,2
26,20,6,6,2,1
18,14,4,6,0,2
18,23,2,2,0,3
17,12,4,10,0,1
17,14,8,11,0,0
18,4,2,1,0,3
18,4,2,1,0,3
17,23,3,3,0,0
17,10,4,2,0,0
26,23,6,11,0,0
4,4,5,1,0,3
8,14,7,10,3,2
8,9,8,1,0,0
17,13,4,10,0,0
18,20,10,1,0,3
17,14,3,2,0,2
14,23,1,10,0,0
25,23,6,10,0,1
8,2,8,1,0,0
14,13,4,10,0,0
8,12,8,1,0,0
17,2,3,2,0,2
14,2,5,10,4,0
14,2,8,10,4,0
14,2,10,10,4,0
14,2,3,1,4,0
17,2,2,1,4,0
4,14,1,2,0,0
26,12,6,10,0,0
9,2,8,1,3,2
14,2,1,10,4,0
14,2,3,10,4,0
4,22,5,10,0,0
26,23,6,10,0,2
17,14,3,3,0,0
17,12,4,1,0,0
4,10,1,6,0,0
18,23,2,2,0,0
4,14,1,6,0,0
18,12,10,9,0,0
4,14,5,9,0,0
14,12,8,10,0,0
4,14,5,1,0,0
18,4,10,1,0,3
19,14,2,1,0,0
24,14,10,3,0,0
18,12,10,3,0,3
11,14,4,10,0,0
11,23,2,10,0,0
26,14,10,13,0,0
18,14,2,1,0,0
17,14,3,3,0,0
14,23,2,10,0,0
14,14,5,10,0,0
8,14,7,3,0,3
17,14,3,10,0,0
17,14,4,1,0,0
18,23,10,9,0,0
26,10,6,1,0,0
4,4,5,1,0,3
17,14,4,3,0,0
8,23,8,2,2,1
17,10,4,10,0,0
8,2,8,1,4,3
4,14,5,1,0,0
17,14,4,10,0,0
8,2,8,1,0,2
18,2,10,6,0,2
8,2,10,2,0,1
8,2,2,1,0,0
17,2,3,2,4,0
14,2,1,10,4,0
26,9,6,1,0,2
8,2,8,1,4,3
18,14,8,10,0,2
14,2,6,10,4,0
14,2,4,10,4,0
1,2,10,10,0,0
8,2,7,1,3,3
9,14,8,10,0,3
26,23,6,3,2,0
17,23,3,1,0,0
8,23,8,2,2,0
8,14,8,1,0,0
26,14,6,1,0,0
8,14,2,1,0,0
18,23,2,1,0,3
8,2,4,9,0,0
18,14,10,1,0,3
24,14,2,1,0,0
8,23,8,10,0,0
19,20,10,1,0,3
9,8,4,14,3,3
8,23,4,10,0,3
17,2,4,1,0,2
8,7,10,1,0,3
26,2,6,10,4,0
18,12,2,10,0,0
26,14,6,1,0,2
4,2,5,9,2,0
8,2,5,2,0,1
4,14,1,6,0,0
17,14,4,10,0,0
18,23,10,1,0,3
25,14,6,10,0,1
4,8,5,10,0,3
4,2,5,1,0,0
26,14,6,1,0,0
26,9,6,1,0,0
8,23,2,10,0,0
8,14,8,1,0,0
17,13,4,10,0,0
16,14,1,1,0,0
8,2,10,2,0,0
8,2,2,9,3,3
24,14,2,1,0,0
4,9,5,1,0,0
9,14,7,1,0,0
4,2,5,2,2,3
26,9,6,1,0,0
8,9,2,1,0,0
8,9,8,1,0,1
18,15,10,3,0,0
4,9,1,10,4,0
14,2,8,10,4,0
4,23,1,6,0,3
8,2,8,1,0,0
14,2,2,10,4,0
14,2,10,10,4,0
14,2,10,10,4,0
14,2,3,10,4,0
8,2,7,13,0,3
17,23,3,6,0,2
17,2,4,1,0,0
17,2,3,1,4,2
14,2,5,10,4,0
14,2,1,10,4,0
18,4,5,1,2,2
18,4,2,1,2,0
17,14,3,9,0,0
14,2,4,10,4,0
14,2,8,10,4,0
14,2,1,10,4,0
14,2,4,10,4,0
14,2,3,10,4,0
14,2,8,10,4,0
14,2,5,10,4,0
14,2,8,10,4,0
17,14,3,2,0,2
14,2,10,10,4,0
26,2,6,10,4,0
25,2,6,1,4,3
17,12,1,9,0,0
8,23,8,1,0,2
17,14,4,10,0,0
4,4,1,10,4,3
2,2,10,3,0,2
4,2,1,1,4,0
17,2,4,2,4,2
17,2,4,2,0,0
17,23,3,1,0,2
8,23,8,9,0,0
8,4,7,9,3,3
17,14,4,1,0,3
11,16,10,11,0,0
19,7,2,1,3,3
18,16,2,1,0,0
17,16,4,1,0,0
17,4,4,3,2,3
17,16,4,1,0,2
8,2,7,1,0,0
17,4,4,10,2,3
17,16,3,1,0,2
8,16,7,10,0,0
26,23,6,2,0,1
8,2,4,6,0,0
18,14,2,2,0,0
26,20,6,10,0,0
17,2,3,1,0,2
4,23,1,1,0,2
18,2,10,1,0,3
17,16,4,1,0,2
17,16,4,1,2,0
4,10,1,2,0,0
18,20,10,1,0,1
17,2,3,2,0,3
8,2,7,1,0,3
17,2,4,2,0,0
4,10,5,1,0,3
26,23,6,2,2,1
8,12,8,1,0,0
18,4,2,3,2,3
18,16,10,1,0,3
17,16,3,1,0,2
17,23,3,1,0,3
8,16,7,1,2,0
18,12,2,10,0,0
17,16,3,6,0,3
17,23,4,1,0,0
17,23,4,10,0,2
14,22,2,10,0,0
4,23,1,1,0,0
9,16,8,1,0,3
8,16,7,1,0,0
8,16,8,10,2,0
17,23,3,9,0,0
25,23,6,1,0,0
8,16,8,1,0,3
8,23,8,2,2,3
17,23,3,9,0,0
18,16,2,9,0,0
17,23,3,1,0,3
4,16,5,6,2,0
17,23,1,1,0,0
18,22,10,10,0,0
14,22,4,10,0,0
4,23,1,10,0,3
18,14,10,10,0,3
4,2,1,1,4,3
8,2,7,1,0,0
8,2,7,3,0,0
26,9,6,1,0,0
26,16,6,1,0,0
8,2,4,1,0,0
17,2,4,2,0,0
3,23,2,10,0,0
17,2,4,2,0,3
18,7,8,6,3,3
17,10,4,1,0,0
18,2,2,9,3,3
26,20,6,1,0,3
14,2,4,10,4,0
14,2,8,10,4,0
14,2,10,10,4,0
26,2,2,1,4,0
14,2,1,10,4,0
17,23,4,6,0,2
18,2,2,1,2,0
14,2,8,10,4,0
17,14,4,2,0,3
14,2,8,10,4,0
14,2,4,10,4,0
18,23,10,3,0,0
18,14,10,9,0,0
17,23,4,3,0,0
26,23,6,10,0,0
1,23,4,11,2,0
17,4,4,2,0,3
18,14,2,10,0,0
14,23,5,10,0,0
8,23,4,6,0,0
26,14,6,2,0,2
4,4,1,10,4,0
17,12,3,1,0,2
18,2,4,2,0,0
17,2,3,3,0,0
8,2,8,9,2,0
17,9,4,1,0,0
26,9,6,1,0,0
17,2,3,2,0,2
26,2,1,10,4,0
17,2,10,6,4,0
17,23,3,2,0,2
18,14,1,9,0,0
25,7,2,1,3,3
26,7,2,1,0,3
26,23,6,10,2,0
17,23,3,2,0,0
18,2,10,2,0,1
26,9,6,1,0,0
14,2,4,10,4,0
14,2,10,10,4,0
14,2,5,10,4,0
8,2,2,10,4,0
26,2,6,10,4,0
14,2,1,10,4,0
14,2,2,10,4,0
8,14,3,1,0,3
15,23,1,10,0,0
8,23,8,1,0,0
18,23,2,2,0,0
8,14,7,2,0,2
18,14,10,10,0,0
18,14,2,10,0,0
17,23,4,1,0,0
4,23,3,1,0,0
17,14,3,6,0,3
18,12,10,9,0,0
17,2,4,1,0,2
26,2,1,2,4,0
8,20,10,1,0,0
8,14,8,10,0,3
17,2,4,1,0,0
18,14,2,10,0,0
14,22,3,10,0,0
17,13,4,11,0,3
18,12,2,3,0,0
18,20,10,1,0,1
18,14,10,3,0,2
26,14,6,1,0,0
18,23,2,10,0,0
18,8,10,1,0,3
8,9,4,1,0,0
26,23,6,10,0,3
17,14,3,3,0,0
4,23,1,9,0,2
26,9,6,10,0,2
26,2,6,6,2,1
17,2,4,1,0,0
18,14,10,1,0,3
8,14,8,1,0,0
17,2,3,3,0,0
14,2,5,10,4,0
14,2,8,10,4,0
14,2,1,10,4,0
26,2,6,1,2,3
26,23,6,2,0,0
26,12,6,2,0,0
14,22,2,10,0,0
17,23,10,1,0,2
8,14,4,10,0,0
26,14,6,10,0,0
9,7,4,14,3,3
8,23,8,2,0,3
9,14,7,3,0,2
18,14,2,3,0,0
17,14,1,6,0,0
18,20,10,1,0,0
25,14,6,1,0,1
18,23,10,6,0,2
8,2,8,1,0,3
18,20,10,1,0,1
8,14,8,9,0,0
18,14,10,2,0,1
17,14,4,10,0,0
18,2,10,6,0,0
17,14,4,1,0,2
8,12,7,1,0,0
18,14,10,10,0,0
17,23,4,10,0,0
18,20,10,1,0,1
18,2,2,9,2,0
17,12,3,1,0,0
26,14,1,1,0,3
18,14,4,2,0,0
26,20,6,1,4,2
17,14,4,10,0,0
4,14,1,6,0,0
8,2,8,10,2,0
18,2,7,1,0,2
17,2,4,2,0,0
17,14,3,10,0,2
8,14,10,1,0,1
1,2,5,10,0,0
14,2,3,10,4,0
18,2,2,1,4,0
4,9,1,1,0,0
17,14,4,1,0,3
17,2,3,9,0,0
8,2,7,2,0,0
17,2,4,10,4,0
14,2,1,10,4,0
14,2,1,10,4,0
26,2,6,10,4,0
25,8,6,1,0,0
26,2,6,1,0,1
8,2,8,3,3,3
8,2,8,1,0,0
14,2,5,10,4,0
14,2,1,10,4,0
14,2,2,10,4,0
17,23,3,1,0,0
26,14,6,9,2,0
26,20,6,10,4,0
14,22,3,10,0,0
9,14,7,10,0,0
8,23,8,1,0,3
18,14,2,6,0,3
17,12,3,1,0,2
17,14,4,10,0,0
17,23,4,2,0,3
5,23,2,10,0,0
11,14,10,10,0,0
17,14,4,6,0,0
9,14,8,3,0,0
18,2,2,1,0,3
8,2,8,1,0,3
8,14,5,6,0,3
26,4,4,6,2,3
17,14,4,1,0,3
14,2,5,10,4,0
14,2,5,10,4,0
17,2,4,10,0,0
26,14,6,3,0,1
9,2,8,1,4,0
8,14,8,1,0,3
8,7,8,1,0,3
26,20,6,10,2,3
4,14,5,10,0,0
17,20,3,9,2,2
17,12,3,11,0,0
8,23,8,1,0,3
18,2,10,1,0,3
14,14,10,3,0,0
18,14,2,10,0,0
26,20,6,1,0,1
17,14,4,1,0,0
17,2,3,2,0,3
8,2,8,1,0,0
19,2,10,6,4,3
17,14,3,1,0,0
8,2,7,1,3,0
26,23,6,1,0,0
14,22,2,10,0,0
18,14,3,1,0,0
14,23,2,10,0,0
26,23,6,1,0,0
17,23,4,6,0,0
1,14,5,10,0,0
8,4,7,2,2,3
17,23,4,10,0,0
14,23,1,10,0,0
14,23,8,10,0,0
17,14,4,1,0,0
26,23,6,1,0,0
26,6,6,1,0,2
18,14,10,1,0,0
18,23,10,1,0,2
19,14,2,1,0,0
17,23,3,1,0,0
17,16,3,1,0,0
18,12,10,1,0,0
8,2,7,1,3,3
26,7,3,1,0,2
18,2,10,1,0,3
26,16,6,2,0,0
18,12,2,10,0,0
8,12,2,6,0,0
1,12,1,10,0,0
9,2,8,9,4,0
19,16,10,6,0,2
4,16,5,6,0,0
18,2,2,1,0,0
24,16,8,1,0,2
8,2,8,2,0,0
17,12,3,1,0,3
4,2,5,1,4,0
3,2,10,10,4,2
9,2,8,1,0,0
26,2,6,2,0,3
14,2,4,3,4,0
14,2,8,10,4,0
8,2,8,1,0,3
8,2,8,1,4,0
8,2,8,2,4,1
14,2,10,10,4,0
14,2,1,10,4,0
18,23,10,1,0,3
26,23,6,1,0,1
24,23,10,1,0,0
17,23,4,3,0,3
14,22,3,10,0,0
14,22,4,10,0,0
8,23,8,1,0,3
11,23,4,3,0,0
14,23,3,10,0,0
4,16,5,15,0,3
4,2,5,1,0,0
18,16,10,1,0,3
17,23,4,1,0,0
26,23,6,2,0,0
19,8,4,1,0,3
17,14,3,1,0,0
26,9,6,1,0,0
4,10,1,3,0,0
18,4,2,1,0,3
1,2,3,1,0,0
17,2,4,1,0,0
8,2,8,1,0,1
18,14,2,3,0,0
18,2,10,6,0,2
26,23,6,2,0,1
26,14,6,2,0,3
4,9,1,1,0,0
8,14,8,2,0,2
18,23,2,10,0,0
1,14,10,10,0,0
8,2,8,1,0,0
14,2,10,10,4,0
14,2,10,10,4,0
17,14,4,2,0,0
17,14,4,10,0,0
18,20,10,1,0,1
8,2,7,1,3,0
14,2,4,10,4,0
26,2,5,1,4,0
14,2,8,10,4,0
17,2,3,3,4,0
14,2,1,10,4,0
17,23,8,2,0,3
8,2,8,1,0,0
17,2,4,1,0,0
4,2,1,1,4,2
14,14,10,10,0,0
17,14,4,1,0,3
18,12,10,10,0,2
8,2,8,2,2,0
8,2,8,9,0,0
20,2,1,10,4,0
9,14,2,10,0,0
18,23,10,6,0,0
4,23,1,1,0,0
26,14,6,2,0,2
17,2,3,1,4,0
26,2,1,10,4,3
18,2,10,1,0,0
18,2,1,1,4,0
4,14,5,2,0,0
8,14,8,6,2,1
17,2,4,2,3,3
8,2,8,2,4,3
14,2,7,10,4,0
18,2,10,1,0,2
17,9,4,1,0,0
17,9,3,1,0,0
17,20,3,1,0,0
14,2,10,10,4,2
14,2,3,10,4,0
26,20,6,10,4,0
14,2,2,10,4,0
17,14,4,1,0,2
4,14,1,10,0,0
26,23,6,1,0,1
14,23,5,10,0,0
26,23,6,6,0,0
26,23,1,2,0,0
18,14,10,10,0,0
8,2,7,3,2,0
8,2,8,6,4,0
4,4,5,2,2,3
26,2,6,10,0,0
17,14,2,1,0,0
14,23,4,10,0,0
8,2,8,6,3,0
8,23,7,10,0,0
18,23,2,9,2,3
18,2,10,1,0,1
8,2,7,6,0,2
18,2,10,9,0,0
18,23,10,10,0,0
18,20,10,1,0,2
8,19,8,1,0,0
8,2,8,1,0,3
9,14,7,6,0,3
17,2,3,3,0,0
14,2,10,10,4,0
14,2,1,10,4,0
14,2,2,10,4,0
8,2,2,1,0,3
17,10,4,10,0,2
8,14,8,1,0,0
8,14,8,3,0,0
4,2,1,2,4,0
8,9,8,1,0,0
8,9,7,1,0,2
17,2,3,10,0,3
18,23,10,6,0,0
18,2,2,3,4,0
18,23,10,10,0,0
11,14,4,10,0,0
14,2,10,10,4,0
18,2,2,10,4,0
14,2,8,10,4,0
14,2,3,10,4,0
18,2,10,1,4,0
18,2,10,1,0,0
18,14,10,1,0,3
14,2,8,10,4,0
17,2,4,10,4,3
18,13,2,10,0,0
4,23,5,3,0,3
18,23,2,10,0,0
17,23,3,1,0,0
8,14,8,1,0,3
17,14,4,3,0,0
9,14,7,2,0,3
4,14,1,6,0,0
17,14,4,10,0,0
18,14,2,9,3,3
19,14,10,1,0,1
18,15,2,10,0,0
18,2,10,3,4,0
8,2,8,6,4,0
4,2,1,6,4,0
17,14,4,1,0,2
8,14,4,1,0,0
18,2,2,1,0,3
18,2,10,3,4,0
17,23,4,1,0,0
17,10,3,3,0,2
18,14,2,9,0,0
8,14,8,6,0,0
17,23,4,10,0,1
26,4,2,10,2,3
17,2,3,1,0,0
14,22,1,10,0,0
18,14,2,10,0,0
26,14,6,1,0,3
18,1,10,2,0,0
1,14,1,3,0,0
18,15,10,1,0,3
8,2,7,1,3,3
17,14,4,10,0,2
8,14,8,1,0,3
8,14,7,1,0,0
8,12,7,3,0,0
18,12,2,6,0,0
18,7,10,1,0,0
17,14,3,6,0,3
18,20,10,3,0,3
18,14,10,1,0,3
24,23,2,1,0,0
4,2,5,1,0,0
17,2,3,1,0,3
14,2,4,10,4,0
14,2,2,10,4,0
8,20,10,1,0,1
14,2,10,10,4,0
8,2,5,1,4,0
18,20,10,1,0,3
17,2,4,1,4,0
18,2,10,1,0,1
14,2,7,10,4,0
8,2,7,2,0,0
14,2,6,10,4,0
8,2,7,1,0,2
14,22,4,10,0,0
14,22,2,10,0,0
8,2,7,1,0,3
17,14,3,3,0,2
8,2,7,1,0,2
17,14,4,6,0,2
14,14,8,10,0,0
9,7,8,10,4,2
17,14,3,1,0,3
17,10,10,9,0,0
17,2,10,2,0,1
8,2,4,1,0,2
18,12,10,10,0,0
18,14,2,6,0,0
26,23,6,10,0,1
18,20,10,1,0,1
9,14,8,1,0,0
1,14,5,2,0,0
26,2,6,1,4,0
18,20,10,1,0,1
26,2,5,10,4,1
17,2,4,6,0,0
17,2,4,1,0,3
17,2,3,3,4,0
4,2,1,1,4,3
14,2,4,10,4,0
17,2,4,3,2,0
14,2,7,10,4,0
17,2,4,2,4,0
8,2,8,1,0,3
8,2,8,1,4,0
14,2,2,10,4,0
8,2,8,2,3,3
14,2,8,10,4,0
14,2,1,10,4,0
14,2,3,10,4,0
8,2,8,2,4,0
1,23,5,10,0,0
18,23,10,1,0,0
18,23,4,1,0,0
18,16,2,10,0,0
8,11,4,10,0,0
8,2,8,10,0,0
18,20,10,3,0,3
17,16,4,1,0,0
4,2,1,1,4,0
26,16,6,6,0,2
18,14,10,1,0,1
4,14,5,11,0,0
18,2,2,6,0,3
17,23,3,9,0,3
18,2,10,1,0,1
18,16,10,3,0,1
18,16,2,3,0,0
18,16,10,2,0,1
8,12,4,10,0,0
18,2,10,1,0,2
8,9,8,1,0,2
17,10,3,2,0,0
20,14,1,10,0,0
18,6,5,15,0,3
8,14,2,10,0,0
26,2,6,2,4,0
4,2,1,6,4,0
14,2,5,10,4,0
26,2,6,2,0,1
18,2,1,3,4,2
14,2,10,10,4,0
14,2,2,10,4,0
14,2,4,10,4,0
14,22,3,10,0,0
14,2,3,10,4,0
14,2,10,10,4,0
17,2,3,1,4,0
14,2,10,10,4,0
14,2,4,10,4,0
14,2,1,10,4,2
17,2,4,10,4,0
17,2,4,3,0,0
18,2,2,9,4,0
14,2,8,10,4,0
14,2,2,10,4,0
8,2,7,1,0,3
14,2,1,10,4,0
14,2,3,6,4,0
14,2,5,10,4,0
4,2,1,10,4,0
8,2,7,2,0,0
14,2,6,10,4,0
14,2,10,10,4,0
14,2,2,10,4,0
4,23,1,6,0,0
17,23,8,6,0,0
14,22,2,10,0,0
17,23,4,10,0,0
18,23,2,1,0,0
17,23,3,1,0,2
17,14,7,2,0,0
26,11,1,2,2,1
14,22,3,10,0,0
26,14,6,6,0,1
17,23,3,9,0,2
17,10,4,10,0,0
17,23,4,1,0,0
4,14,5,10,0,3
9,14,4,9,0,3
4,23,1,1,0,0
8,2,7,1,0,2
8,2,7,2,0,2
4,14,1,10,0,0
14,22,10,10,0,0
1,23,8,1,0,1
18,23,10,10,0,0
17,23,4,10,0,0
17,23,3,10,0,0
8,23,8,10,0,0
17,23,10,10,0,0
14,22,5,10,0,0
17,14,4,1,0,0
18,14,3,1,0,0
18,14,2,6,0,0
14,23,3,10,0,0
17,14,4,3,0,0
18,14,2,3,0,0
24,2,10,1,0,0
18,2,10,1,0,2
14,2,4,10,4,0
17,2,3,11,4,2
17,2,3,1,4,0
8,23,8,10,0,0
14,2,7,10,4,0
17,2,3,1,4,3
14,2,5,10,4,0
18,2,4,1,2,3
14,2,10,10,4,0
14,2,2,10,4,0
9,14,10,11,0,2
14,2,4,10,4,0
4,9,5,1,0,0
8,9,8,1,0,0
18,2,10,1,0,1
17,10,3,2,0,3
11,7,2,1,3,3
18,14,4,9,0,0
18,14,10,6,0,1
26,20,6,1,2,0
26,4,5,1,0,3
24,13,10,2,0,0
17,2,3,1,0,2
18,2,10,1,4,0
8,2,8,10,4,0
8,2,7,1,3,3
8,2,8,1,0,1
14,2,7,10,4,0
14,2,3,3,4,0
14,2,9,10,4,1
17,2,3,6,4,2
8,2,3,3,4,0
14,2,10,10,4,0
14,2,1,10,4,0
8,14,8,6,0,0
14,2,10,10,4,0
18,2,5,10,4,0
17,0,4,10,2,0
4,2,1,1,4,3
8,14,8,10,0,0
8,14,8,10,0,0
18,23,2,10,0,3
17,23,3,2,0,2
4,19,1,10,0,1
17,16,3,2,0,0
17,16,4,0,0,0
8,16,4,1,0,0
14,23,8,10,0,3
26,16,6,2,0,0
11,7,2,1,3,3
8,16,7,6,0,0
8,4,7,1,0,3
8,4,7,1,0,3
18,20,10,1,0,0
8,23,8,3,0,0
18,2,2,10,2,3
18,23,10,1,0,1
18,12,10,6,0,1
17,10,4,1,0,0
8,12,7,10,0,0
17,23,3,1,0,3
26,20,6,1,4,1
17,4,4,3,2,3
26,15,6,2,0,2
18,16,10,3,0,3
17,16,3,1,0,0
17,19,8,2,0,0
4,10,5,1,0,2
8,16,8,6,0,0
19,16,10,10,0,0
17,10,3,2,0,0
4,16,1,1,0,3
18,16,10,2,0,2
17,16,4,10,2,0
14,16,7,10,0,0
26,16,6,1,0,0
18,16,10,2,0,0
17,23,8,1,0,0
18,2,2,1,0,3
18,16,10,3,2,2
17,23,4,10,0,1
14,23,8,3,0,0
17,12,3,3,0,0
20,4,5,2,0,3
17,2,3,1,0,0
4,23,1,10,0,0
17,2,3,2,0,2
17,0,5,1,0,0
14,22,8,10,0,0
14,16,4,1,3,0
8,16,6,3,0,2
4,16,1,3,0,0
17,16,4,2,0,2
4,9,1,6,4,2
14,1,10,10,0,0
18,7,2,2,2,3
18,23,10,1,0,0
19,16,10,10,0,0
26,12,6,10,0,1
17,2,3,9,2,0
8,23,2,2,0,0
26,16,6,15,2,3
17,12,3,1,0,2
17,16,3,6,0,2
20,2,1,1,4,2
20,2,1,1,4,2
4,15,1,6,0,0
20,2,1,1,4,2
20,2,1,1,4,2
17,16,0,1,0,0
26,16,6,2,0,2
18,2,10,1,0,0
26,16,6,2,0,0
17,16,3,2,0,0
26,16,6,10,0,0
4,2,1,1,4,2
17,16,3,1,0,0
17,16,3,1,0,0
17,23,3,2,0,0
8,16,8,3,0,2
26,16,6,2,0,1
18,23,5,3,0,0
17,16,3,1,0,0
17,23,3,2,0,2
18,23,2,2,0,0
18,23,10,11,0,0
17,16,3,1,0,2
18,15,2,1,0,0
8,16,8,1,0,2
8,2,1,1,4,3
18,15,10,1,0,3
17,16,3,10,2,2
18,20,10,3,0,2
17,2,1,6,0,0
17,14,4,1,0,0
17,14,4,3,0,0
18,14,10,2,0,1
17,14,3,1,0,0
20,4,5,1,0,3
8,14,7,3,0,2
18,2,10,1,0,3
18,14,10,3,0,0
18,14,10,10,0,0
20,3,1,2,4,0
20,3,1,2,4,0
17,10,3,1,0,0
14,22,4,10,0,0
17,14,3,2,0,0
26,14,6,2,0,2
4,23,1,2,0,2
14,22,1,10,0,0
9,14,8,10,0,2
8,23,7,6,0,3
24,2,10,1,0,1
8,4,7,1,3,3
8,14,7,1,0,2
26,23,4,2,0,0
14,22,8,10,0,0
14,2,2,10,4,0
14,2,4,10,4,0
14,2,5,10,4,3
14,2,3,1,4,0
14,2,8,10,4,0
14,22,8,10,0,0
18,22,10,1,0,0
4,23,1,10,0,0
9,23,8,2,0,0
18,14,10,1,0,3
26,23,6,2,0,1
14,22,3,10,0,0
17,14,4,2,0,2
4,23,1,10,0,0
26,2,6,10,3,0
18,16,10,10,0,0
17,23,3,1,0,2
26,2,1,2,4,0
8,16,8,2,0,0
4,23,1,11,0,0
24,16,10,10,0,0
26,12,6,10,0,2
17,2,3,1,0,0
18,23,2,2,0,0
8,16,8,10,2,3
19,10,5,6,0,3
9,8,7,1,0,3
4,9,5,6,0,0
17,2,3,2,0,0
8,16,7,2,0,0
18,23,2,9,2,0
4,12,1,6,0,2
17,2,3,1,0,0
17,23,4,2,0,3
9,16,8,14,2,3
17,2,3,1,0,0
4,7,1,6,4,3
4,10,1,6,0,0
18,20,10,1,0,3
8,20,10,1,0,3
14,22,5,10,2,0
17,20,4,1,0,0
18,2,2,1,0,3
26,9,5,1,0,0
20,2,1,10,4,3
4,2,5,3,4,0
14,2,8,10,4,0
18,2,10,1,4,0
17,10,4,2,0,0
8,14,8,2,0,0
4,10,5,11,0,0
18,14,2,10,0,0
18,2,2,2,4,3
8,2,2,2,0,0
8,2,8,2,0,1
17,2,4,10,4,0
14,2,7,10,0,0
14,2,4,10,4,0
1,23,3,10,0,0
17,14,3,3,0,0
17,23,3,10,0,0
14,1,1,10,0,0
17,10,3,3,0,0
18,23,10,9,0,1
4,14,1,11,0,0
18,23,2,10,0,0
26,23,5,1,0,2
16,14,4,6,0,0
18,23,10,1,0,3
4,10,1,10,0,0
17,14,4,2,0,0
18,14,2,9,0,0
18,14,5,1,0,1
18,14,10,1,0,0
8,14,8,10,0,0
14,12,3,2,0,0
14,23,2,10,0,0
14,23,2,10,0,0
8,12,7,1,0,0
4,14,1,3,0,0
17,2,5,1,0,0
17,23,4,9,2,0
18,14,2,1,0,3
18,2,3,2,0,0
17,1,5,0,0,1
20,6,5,1,0,0
20,6,1,1,0,0
26,9,6,1,0,1
17,2,4,1,0,0
17,23,4,2,0,0
17,12,3,10,0,0
24,4,4,1,3,1
14,2,5,10,4,0
14,2,2,10,4,0
4,2,1,6,0,0
14,2,5,10,4,0
14,2,2,10,4,0
14,2,7,10,4,0
1,23,4,2,0,0
8,23,8,10,0,0
14,2,2,10,4,0
8,2,8,1,4,0
26,23,4,1,0,0
14,23,1,10,0,0
17,23,3,1,0,0
4,14,1,10,0,0
8,14,7,10,0,2
14,23,8,10,0,0
14,1,1,10,0,0
14,23,4,10,0,0
14,11,2,10,0,0
18,1,5,1,0,1
20,1,5,1,0,1
14,23,4,10,0,0
17,14,5,2,0,2
8,14,7,2,0,0
14,23,8,10,0,0
14,10,1,11,0,0
20,14,1,10,0,0
20,2,10,3,0,0
26,2,6,1,0,2
8,4,7,1,0,3
17,14,3,9,0,0
1,14,4,1,0,0
18,1,5,1,0,0
17,2,10,2,0,1
17,16,3,10,0,0
8,16,7,6,0,0
4,16,1,10,0,0
17,23,4,1,0,2
4,14,5,10,0,0
18,2,10,2,0,2
8,16,8,10,2,0
17,10,4,1,0,0
18,2,3,2,0,3
4,23,5,3,0,3
1,14,3,2,0,0
18,6,5,1,0,0
20,6,1,1,4,0
18,14,10,2,0,1
14,2,2,10,4,0
14,2,10,3,4,0
9,2,8,6,2,0
18,2,10,1,0,1
18,2,9,3,0,0
18,23,2,10,2,0
18,23,5,1,0,1
26,23,6,2,0,0
14,22,4,10,0,0
14,23,8,10,0,0
14,23,5,10,0,0
14,23,3,10,0,0
14,23,4,10,0,0
14,23,3,10,0,0
8,23,5,6,0,0
4,23,1,2,0,1
4,10,1,1,0,2
24,23,4,10,0,0
4,23,5,1,0,0
17,14,8,6,0,0
14,22,2,10,0,0
18,12,7,3,0,3
17,14,3,1,0,2
4,14,10,11,0,0
17,23,1,9,0,0
14,22,5,10,0,0
4,10,5,10,0,0
14,14,2,1,0,0
17,23,2,1,0,3
9,14,10,10,0,0
18,14,4,1,0,0
18,14,2,3,0,0
4,9,1,1,0,0
26,14,6,2,0,2
8,14,7,3,0,3
17,23,4,2,0,0
9,2,8,1,0,0
4,14,5,1,0,3
17,14,3,3,2,3
17,14,3,10,2,0
4,14,5,3,0,0
18,14,6,10,0,1
8,14,6,2,0,2
9,23,4,10,0,2
8,23,10,1,0,2
26,23,6,6,0,0
17,14,9,2,0,0
17,10,4,1,0,0
18,14,4,10,0,0
8,14,7,2,0,0
18,14,4,3,0,0
8,14,8,9,0,0
20,3,1,9,4,0
17,2,3,10,4,0
8,2,3,10,4,0
24,13,8,6,0,2
26,2,5,10,4,0
17,12,4,3,0,0
24,23,4,2,0,2
17,23,4,1,0,0
14,22,9,10,0,0
14,1,5,10,0,0
18,12,1,10,0,0
14,14,3,2,0,0
17,14,3,2,2,0
18,23,5,1,0,3
14,23,4,10,0,0
8,14,7,1,0,3
9,2,8,1,0,3
18,20,10,3,0,1
17,9,5,1,0,2
20,3,1,10,4,0
26,2,1,10,4,2
18,12,8,6,0,0
17,23,4,2,0,0
17,23,3,11,0,3
26,4,5,6,0,0
18,1,5,1,0,1
17,14,1,10,0,0
18,14,4,13,2,3
25,2,4,1,0,0
26,20,5,6,4,0
26,2,5,6,0,3
14,2,7,10,4,0
8,2,10,1,4,2
18,2,5,1,0,2
14,2,2,10,4,0
14,2,4,10,4,0
14,2,5,10,4,0
14,2,1,10,4,0
20,3,1,11,4,3
14,2,8,10,4,0
18,23,3,1,0,2
26,2,5,6,0,0
20,14,5,3,0,0
4,3,1,3,4,0
17,14,4,6,0,0
20,2,5,1,0,1
4,14,5,2,0,3
18,23,1,3,0,0
4,10,5,1,0,0
14,1,5,10,0,0
18,2,3,2,0,2
8,2,10,6,0,2
24,13,4,6,0,0
17,14,8,3,0,0
4,14,5,1,0,0
8,2,7,1,4,3
14,2,10,10,4,0
8,2,7,3,4,3
14,2,4,10,4,0
20,3,1,1,4,0
14,2,5,10,4,0
4,2,1,1,4,2
14,2,1,10,4,0
14,2,8,10,4,0
14,2,4,10,4,0
14,2,8,10,4,0
24,2,10,10,4,1
17,14,5,1,0,0
8,14,3,11,0,0
1,2,1,10,4,0
20,1,1,11,0,0
14,23,10,2,0,1
20,1,5,1,0,3
17,14,5,1,0,3
14,23,5,10,0,0
17,12,10,2,0,0
8,23,7,10,0,2
18,23,2,10,0,0
18,14,3,2,0,0
20,1,5,3,0,0
18,2,10,6,0,1
8,2,8,1,0,0
20,14,5,3,0,2
17,14,8,11,0,0
26,14,6,6,0,1
9,14,7,3,0,0
14,22,4,10,0,0
20,1,1,3,0,0
20,1,5,1,0,3
17,23,8,1,0,0
18,23,10,10,0,0
8,14,1,9,0,0
20,14,1,10,0,0
18,23,2,3,0,0
17,13,5,6,0,0
14,23,7,10,0,0
19,20,10,1,4,3
18,12,7,10,0,2
14,10,7,10,0,0
20,4,2,3,0,3
18,12,10,6,0,2
1,1,5,1,0,0
18,14,2,10,2,3
8,14,7,10,0,0
20,3,1,3,0,3
20,16,10,9,0,0
14,22,8,10,0,2
4,14,5,2,0,0
18,14,2,10,0,0
24,14,4,1,0,0
18,14,8,10,0,2
18,14,10,1,0,1
26,14,6,1,0,2
20,3,1,2,4,0
9,16,8,2,0,1
20,2,5,3,0,1
20,2,5,1,0,3
20,3,1,3,4,0
17,9,4,1,0,0
17,9,4,1,0,0
14,23,1,10,0,0
8,2,4,10,2,0
9,16,2,3,0,3
20,6,5,11,0,0
20,6,2,10,0,0
8,4,2,1,3,3
18,4,2,1,0,3
18,4,2,1,4,3
17,2,4,10,4,0
18,4,2,1,0,3
20,3,1,1,4,0
9,23,8,10,0,0
26,16,10,9,0,0
8,4,7,1,3,3
17,16,4,2,0,0
20,6,5,2,2,3
17,12,10,3,0,2
18,2,2,1,0,3
4,15,4,6,0,0
20,2,5,2,0,3
20,1,2,2,0,0
26,23,10,2,0,2
20,6,5,10,0,3
14,2,2,10,4,0
17,2,10,1,4,2
20,3,5,1,0,0
20,3,1,1,0,2
20,3,1,1,0,3
8,16,8,2,0,3
9,3,1,1,0,2
20,23,5,1,0,0
20,3,1,1,0,0
17,2,8,1,0,2
14,2,4,10,4,0
14,2,8,10,4,0
14,2,1,10,4,0
18,23,2,1,0,0
17,23,4,10,2,0
17,16,8,1,0,0
8,16,8,10,0,0
14,23,2,2,0,0
25,23,10,1,0,1
4,10,1,6,0,2
18,15,2,2,0,0
17,16,4,10,0,3
14,22,5,10,2,0
17,10,10,6,0,0
17,23,4,6,0,0
20,1,1,1,0,3
17,23,1,11,0,0
26,14,2,10,0,0
14,15,8,1,0,0
19,7,2,1,3,3
26,2,5,1,0,2
26,14,8,1,0,0
14,2,8,10,4,0
8,2,7,3,0,0
14,2,3,3,4,0
14,2,2,10,4,0
19,2,1,1,0,2
17,12,4,2,0,0
8,14,1,10,0,3
18,14,10,1,0,3
18,2,10,1,0,3
17,14,4,1,0,0
17,13,3,6,0,0
14,14,8,1,0,0
9,2,10,2,3,2
18,2,3,1,3,2
17,2,5,1,0,3
17,9,4,1,0,2
17,14,3,3,0,0
18,2,10,9,0,1
20,14,5,1,0,0
18,14,10,10,2,0
8,2,7,9,3,0
14,2,2,10,4,0
4,14,1,1,0,0
24,23,4,2,0,3
